Workbook

Sheet 统计
A1: 42690
A2: 部分基因编码错误纠正
A3: 1、以前方案为根据rs纠正
A4: 2、初步估计有1337条mRNA存在明显编码问题，共774个基因(有些基因与mRNA的名称一致，但位置不一致)，存在问题较大的变体307个（基因208个）
A5: 总mRNA | B5: 存在错误mRNA | C5: cds为3的倍数（AA=1） | D5: cds为3的倍数（AA=2） | E5: cds为3的倍数（AA=3） | F5: cds为3的倍数（AA=4） | G5: cds为3的倍数（AA=5） | H5: cds为3的倍数（AA=6） | I5: cds为3的倍数（AA=7） | J5: cds为3的倍数（AA=8） | K5: cds为3的倍数（AA=9） | L5: cds为3的倍数（AA=10） | M5: cds为3的倍数（AA>10） | N5: cds不为3的倍数（AA<=10） | O5: cds不为3的倍数（AA>10）
A6: 34042 | B6: 1337（774） | C6: 915（517） | D6: 79（48） | E6: 8（3） | F6: 2（2） | G6: 2（2,同基因名XY） | H6: 5（2，DPP6有两个位置3个mRNA） | I6: 0 | J6: 0 | K6: 2（1） | L6: 6（2,INPP5D有两个位置2个mRNA） | M6: 72（54） | N6: 11（7, 含1个编码正确） | O6: 235（154）
A7: 第一次修正数目 | G7: 2(1) | H7: 2(1,DPP6) | K7: 2(1) | L7: 4(1) | M7: 43(31) | N7: 2(1) | O7: 161(109)
A8: 第二次修正数目 | M8: 14(10) | O8: 10(9)
A9: 第三次修正数目
A10: 基因分为多段(暂不解决) | H10: 1(1,DPP6) | L10: 2(1) | M10: 5(3) | N10: 1(1,编码正确) | O10: 28（8）
A11: 基因不完整(CDS起始终止变化) | M11: 7(6) | N11: 3(2) | O11: 16(14)
A12: 变体或基因被取消、假基因 | M12: 1（1） | N12: 3（1） | O12: 14（14）
A13: 未解决 | M13: 2（1） | N13: 2（1） | O13: 6（3）
A14: 3、优先解决上表中后三列中的错误mRNA，前面这些很可能为碱基错误造成
A15: 4、部分mRNA因基因组组装问题可能无法解决 | G15: =517+48+3+4 -> 572
A16: 5、部分UTR区错误，不影响编码，暂时不解决
A18: 解决方案：
A19: 可分三大类：相对基因组存在小的INDEL、外显子（CDS）变化、外显子（CDS）变化+相对基因组存在小的INDEL | L19: 2 | M19: 14
L20: 2 | M20: 15
A21: 第一类：相对基因组存在INDEL,且编码起始位置无变化 | L21: 1 | M21: 22
A22: 1、通过blat比对结果（NCBI knownrefseq_alignments.gff3）可找出这些INDEL | L22: 1 | M22: 29
A23: 2、通过INDEL的位置对造成错误的编码进行修正 | L23: 2 | M23: 33
A24: 3、出现INDEL的位置，通过MeMAF进行碱基修正，如基因组缺少一个碱基，则通过MeMAF补全这个碱基，再进行编码 | L24: 1 | M24: 63
A25: 4、注释的突变正好为INDEL位置则给予同义突变或非移码，并给标记（Normal） | L25: 1 | M25: 68
A26: 5、在INDEL附近位置突变，氨基酸变化可能不正确
A27: 6、该变体上的INDEL移码、提前终止、延长突变，氨基酸变化数目可能不正确
L28: 1 | M28: 75
A29: 第二类：外显子（CDS）变化 | L29: 1 | M29: 79
A30: 1、修正外显子（CDS）区间 | L30: 1 | M30: 80
L31: 2 | M31: 82
L32: 1 | M32: 93
A33: 第三类：外显子（CDS）变化+相对基因组存在小的INDEL | L33: 1 | M33: 102
A34: 1、结合第一类与第二类 | L34: 1 | M34: 126
L35: 1 | M35: 155
L36: 1 | M36: 180
L37: 2 | M37: 183
L38: 1 | M38: 184
L39: 1 | M39: 197
L40: 1 | M40: 208
L41: 1 | M41: 216
L42: 1 | M42: 227
L43: 1 | M43: 228
L44: 1 | M44: 231
L45: 1 | M45: 235
L46: 1 | M46: 236
... L80: 1 | M80: 3809

Sheet 错误mRNA总表
A1: mRNA | B1: chr | C1: start | D1: combin | E1: gene | F1: wrongAA | G1: 备注 | H1: 第一次纠正情况 | I1: 第二次纠正情况 | J1: 是否存在纠错信息
A2: NM_000014 | B2: chr12 | C2: 9220303 | D2: NM_000014chr12:9220304 | E2: A2M | F2: 1 | J2: =IF(H2="",IF(I2="","",I2),H2)
A3: NM_000024 | B3: chr5 | C3: 148206155 | D3: NM_000024chr5:148206156 | E3: ADRB2 | F3: 2 | J3: =IF(H3="",IF(I3="","",I3),H3)
A4: NM_000051 | B4: chr11 | C4: 108093558 | D4: NM_000051chr11:108093559 | E4: ATM | F4: 1 | J4: =IF(H4="",IF(I4="","",I4),H4)
A5: NM_000059 | B5: chr13 | C5: 32889616 | D5: NM_000059chr13:32889617 | E5: BRCA2 | F5: 1 | J5: =IF(H5="",IF(I5="","",I5),H5)
A6: NM_000083 | B6: chr7 | C6: 143013218 | D6: NM_000083chr7:143013219 | E6: CLCN1 | F6: 1 | J6: =IF(H6="",IF(I6="","",I6),H6)
A7: NM_000088 | B7: chr17 | C7: 48261456 | D7: NM_000088chr17:48261457 | E7: COL1A1 | F7: 1 | J7: =IF(H7="",IF(I7="","",I7),H7)
A8: NM_000090 | B8: chr2 | C8: 189839098 | D8: NM_000090chr2:189839099 | E8: COL3A1 | F8: 1 | J8: =IF(H8="",IF(I8="","",I8),H8)
A9: NM_000096 | B9: chr3 | C9: 148890285 | D9: NM_000096chr3:148890286 | E9: CP | F9: 1 | J9: =IF(H9="",IF(I9="","",I9),H9)
A10: NM_000104 | B10: chr2 | C10: 38294745 | D10: NM_000104chr2:38294746 | E10: CYP1B1 | F10: 1 | J10: =IF(H10="",IF(I10="","",I10),H10)
A11: NM_000106 | B11: chr22 | C11: 42522500 | D11: NM_000106chr22:42522501 | E11: CYP2D6 | F11: 2 | J11: =IF(H11="",IF(I11="","",I11),H11)
A12: NM_000109 | B12: chrX | C12: 31137344 | D12: NM_000109chrX:31137345 | E12: DMD | F12: 3 | J12: =IF(H12="",IF(I12="","",I12),H12)
A13: NM_000110 | B13: chr1 | C13: 97543298 | D13: NM_000110chr1:97543299 | E13: DPYD | F13: 1 | J13: =IF(H13="",IF(I13="","",I13),H13)
... A23: NM_000259 | B23: chr15 | C23: 52599479 | D23: NM_000259chr15:52599480 | E23: MYO5A | F23: 1 | J23: =IF(H23="",IF(I23="","",I23),H23)
A24: NM_000278 | B24: chr10 | C24: 102505467 | D24: NM_000278chr10:102505468 | E24: PAX2 | F24: 9 | H24: 纠后正确，少1个氨基酸chr10:102587349-102587376 | J24: =IF(H24="",IF(I24="","",I24),H24) -> 纠后正确，少1个氨基酸chr10:102587349-102587376
A25: NM_000283 | B25: chr4 | C25: 619362 | D25: NM_000283chr4:619363 | E25: PDE6B | F25: 1 | J25: =IF(H25="",IF(I25="","",I25),H25)
A26: NM_000296 | B26: chr16 | C26: 2138710 | D26: NM_000296chr16:2138711 | E26: PKD1 | F26: 1 | J26: =IF(H26="",IF(I26="","",I26),H26)
A27: NM_000318 | B27: chr8 | C27: 77892493 | D27: NM_000318chr8:77892494 | E27: PEX2 | F27: 1 | J27: =IF(H27="",IF(I27="","",I27),H27)
A28: NM_000327 | B28: chr11 | C28: 62380212 | D28: NM_000327chr11:62380213 | E28: ROM1 | F28: 1 | J28: =IF(H28="",IF(I28="","",I28),H28)
A29: NM_000331 | B29: chr11 | C29: 18287807 | D29: NM_000331chr11:18287808 | E29: SAA1 | F29: 1 | J29: =IF(H29="",IF(I29="","",I29),H29)
A30: NM_000339 | B30: chr16 | C30: 56899118 | D30: NM_000339chr16:56899119 | E30: SLC12A3 | F30: 1 | J30: =IF(H30="",IF(I30="","",I30),H30)
A31: NM_000348 | B31: chr2 | C31: 31749655 | D31: NM_000348chr2:31749656 | E31: SRD5A2 | F31: CDS3_10 | H31: 纠后正确 | J31: =IF(H31="",IF(I31="","",I31),H31) -> 纠后正确
A32: NM_000378 | B32: chr11 | C32: 32409320 | D32: NM_000378chr11:32409321 | E32: WT1 | F32: 1 | J32: =IF(H32="",IF(I32="","",I32),H32)
A33: NM_000384 | B33: chr2 | C33: 21224300 | D33: NM_000384chr2:21224301 | E33: APOB | F33: 2 | J33: =IF(H33="",IF(I33="","",I33),H33)
A34: NM_000388 | B34: chr3 | C34: 121902529 | D34: NM_000388chr3:121902530 | E34: CASR | F34: 1 | J34: =IF(H34="",IF(I34="","",I34),H34)
A35: NM_000392 | B35: chr10 | C35: 101542462 | D35: NM_000392chr10:101542463 | E35: ABCC2 | F35: 1 | J35: =IF(H35="",IF(I35="","",I35),H35)
A36: NM_000404 | B36: chr3 | C36: 33038099 | D36: NM_000404chr3:33038100 | E36: GLB1 | F36: 1 | J36: =IF(H36="",IF(I36="","",I36),H36)
A37: NM_000421 | B37: chr17 | C37: 38974368 | D37: NM_000421chr17:38974369 | E37: KRT10 | F37: 1 | J37: =IF(H37="",IF(I37="","",I37),H37)
A38: NM_000426 | B38: chr6 | C38: 129204285 | D38: NM_000426chr6:129204286 | E38: LAMA2 | F38: 1 | J38: =IF(H38="",IF(I38="","",I38),H38)
A39: NM_000442 | B39: chr17 | C39: 62396774 | D39: NM_000442chr17:62396775 | E39: PECAM1 | F39: >=11 | G39: 基因不完整 | H39: 错误 | J39: =IF(H39="",IF(I39="","",I39),H39) -> 错误
A40: NM_000448 | B40: chr11 | C40: 36589562 | D40: NM_000448chr11:36589563 | E40: RAG1 | F40: 1 | J40: =IF(H40="",IF(I40="","",I40),H40)
A41: NM_000452 | B41: chr13 | C41: 103696347 | D41: NM_000452chr13:103696348 | E41: SLC10A2 | F41: 1 | J41: =IF(H41="",IF(I41="","",I41),H41)
A42: NM_000459 | B42: chr9 | C42: 27109146 | D42: NM_000459chr9:27109147 | E42: TEK | F42: 1 | J42: =IF(H42="",IF(I42="","",I42),H42)
A43: NM_000479 | B43: chr19 | C43: 2249112 | D43: NM_000479chr19:2249113 | E43: AMH | F43: 1 | J43: =IF(H43="",IF(I43="","",I43),H43)
A44: NM_000521 | B44: chr5 | C44: 73980968 | D44: NM_000521chr5:73980969 | E44: HEXB | F44: 1 | J44: =IF(H44="",IF(I44="","",I44),H44)
A45: NM_000526 | B45: chr17 | C45: 39738530 | D45: NM_000526chr17:39738531 | E45: KRT14 | F45: 1 | J45: =IF(H45="",IF(I45="","",I45),H45)
A46: NM_000535 | B46: chr7 | C46: 6012869 | D46: NM_000535chr7:6012870 | E46: PMS2 | F46: 1 | J46: =IF(H46="",IF(I46="","",I46),H46)
A47: NM_000544 | B47: chr6 | C47: 32793186 | D47: NM_000544chr6:32793187 | E47: TAP2 | F47: 2 | J47: =IF(H47="",IF(I47="","",I47),H47)
A48: NM_000545 | B48: chr12 | C48: 121416548 | D48: NM_000545chr12:121416549 | E48: HNF1A | F48: 1 | J48: =IF(H48="",IF(I48="","",I48),H48)
A49: NM_000552 | B49: chr12 | C49: 6058039 | D49: NM_000552chr12:6058040 | E49: VWF | F49: 1 | J49: =IF(H49="",IF(I49="","",I49),H49)
A50: NM_000597 | B50: chr2 | C50: 217498126 | D50: NM_000597chr2:217498127 | E50: IGFBP2 | F50: >=11 | H50: 无法验证，NCBIrs无此变体（rs747453609），纠后氨基酸加3个chr2:217498311-217528827 | J50: =IF(H50="",IF(I50="","",I50),H50) -> 无法验证，NCBIrs无此变体（rs747453609），纠后氨基酸加3个chr2:217498311-217528827
A51: NM_000615 | B51: chr11 | C51: 112831968 | D51: NM_000615chr11:112831969 | E51: NCAM1 | F51: CDS3_10 | H51: 纠后正确 | J51: =IF(H51="",IF(I51="","",I51),H51) -> 纠后正确
A52: NM_000627 | B52: chr2 | C52: 33359663 | D52: NM_000627chr2:33359664 | E52: LTBP1 | F52: 1 | J52: =IF(H52="",IF(I52="","",I52),H52)
A53: NM_000669 | B53: chr4 | C53: 100257648 | D53: NM_000669chr4:100257649 | E53: ADH1C | F53: 1 | J53: =IF(H53="",IF(I53="","",I53),H53)
A54: NM_000672 | B54: chr4 | C54: 100125878 | D54: NM_000672chr4:100125879 | E54: ADH6 | F54: 1 | J54: =IF(H54="",IF(I54="","",I54),H54)
A55: NM_000682 | B55: chr2 | C55: 96778622 | D55: NM_000682chr2:96778623 | E55: ADRA2B | F55: >=11 | H55: 纠后正确，加了3个氨基酸 | J55: =IF(H55="",IF(I55="","",I55),H55) -> 纠后正确，加了3个氨基酸
A56: NM_000694 | B56: chr11 | C56: 67777789 | D56: NM_000694chr11:67777790 | E56: ALDH3B1 | F56: >=11 | H56: 纠后正确 | J56: =IF(H56="",IF(I56="","",I56),H56) -> 纠后正确
A57: NM_000695 | B57: chr11 | C57: 67429632 | D57: NM_000695chr11:67429633 | E57: ALDH3B2 | F57: 2 | J57: =IF(H57="",IF(I57="","",I57),H57)
A58: NM_000755 | B58: chr9 | C58: 131857072 | D58: NM_000755chr9:131857073 | E58: CRAT | F58: 1 | J58: =IF(H58="",IF(I58="","",I58),H58)
A59: NM_000757 | B59: chr1 | C59: 110453232 | D59: NM_000757chr1:110453233 | E59: CSF1 | F59: 1 | J59: =IF(H59="",IF(I59="","",I59),H59)
A60: NM_000762 | B60: chr19 | C60: 41349442 | D60: NM_000762chr19:41349443 | E60: CYP2A6 | F60: 1 | J60: =IF(H60="",IF(I60="","",I60),H60)
A61: NM_000769 | B61: chr10 | C61: 96522462 | D61: NM_000769chr10:96522463 | E61: CYP2C19 | F61: 1 | J61: =IF(H61="",IF(I61="","",I61),H61)
A62: NM_000790 | B62: chr7 | C62: 50526133 | D62: NM_000790chr7:50526134 | E62: DDC | F62: 1 | J62: =IF(H62="",IF(I62="","",I62),H62)
A63: NM_000804 | B63: chr11 | C63: 71846770 | D63: NM_000804chr11:71846771 | E63: FOLR3 | F63: CDS3_10 | H63: 纠后正确 | J63: =IF(H63="",IF(I63="","",I63),H63) -> 纠后正确
A64: NM_000826 | B64: chr4 | C64: 158141735 | D64: NM_000826chr4:158141736 | E64: GRIA2 | F64: 1 | J64: =IF(H64="",IF(I64="","",I64),H64)
A65: NM_000828 | B65: chrX | C65: 122318095 | D65: NM_000828chrX:122318096 | E65: GRIA3 | F65: 1 | J65: =IF(H65="",IF(I65="","",I65),H65)
A66: NM_000829 | B66: chr11 | C66: 105480799 | D66: NM_000829chr11:105480800 | E66: GRIA4 | F66: 1 | J66: =IF(H66="",IF(I66="","",I66),H66)
A67: NM_000854 | B67: chr22 | C67: 24322313 | D67: NM_000854chr22:24322314 | E67: GSTT2 | F67: 1 | J67: =IF(H67="",IF(I67="","",I67),H67)
A68: NM_000876 | B68: chr6 | C68: 160390130 | D68: NM_000876chr6:160390131 | E68: IGF2R | F68: 1 | J68: =IF(H68="",IF(I68="","",I68),H68)
A69: NM_000937 | B69: chr17 | C69: 7387697 | D69: NM_000937chr17:7387698 | E69: POLR2A | F69: 1 | J69: =IF(H69="",IF(I69="","",I69),H69)
A70: NM_001001419 | B70: chr5 | C70: 135468535 | D70: NM_001001419chr5:135468536 | E70: SMAD5 | F70: CDS3_10 | H70: 纠后正确 | J70: =IF(H70="",IF(I70="","",I70),H70) -> 纠后正确
A71: NM_001001420 | B71: chr5 | C71: 135468535 | D71: NM_001001420chr5:135468536 | E71: SMAD5 | F71: CDS3_10 | H71: 纠后正确 | J71: =IF(H71="",IF(I71="","",I71),H71) -> 纠后正确
A72: NM_001001520 | B72: chr19 | C72: 4472254 | D72: NM_001001520chr19:4472255 | E72: HDGFRP2 | F72: >=11 | H72: 纠后正确，且氨基酸少5个chr19：4499665-4502022 | J72: =IF(H72="",IF(I72="","",I72),H72) -> 纠后正确，且氨基酸少5个chr19：4499665-4502022
A73: NM_001001874 | B73: chr9 | C73: 6328348 | D73: NM_001001874chr9:6328349 | E73: TPD52L3 | F73: 1 | J73: =IF(H73="",IF(I73="","",I73),H73)
A74: NM_001001875 | B74: chr9 | C74: 6328348 | D74: NM_001001875chr9:6328349 | E74: TPD52L3 | F74: 1 | J74: =IF(H74="",IF(I74="","",I74),H74)
A75: NM_001002836 | B75: chr19 | C75: 56598731 | D75: NM_001002836chr19:56598732 | E75: ZNF787 | F75: >=11 | H75: 纠后正确，少1个氨基酸chr19:56599389-56599751 | J75: =IF(H75="",IF(I75="","",I75),H75) -> 纠后正确，少1个氨基酸chr19:56599389-56599751
A76: NM_001004360 | B76: chr2 | C76: 115919683 | D76: NM_001004360chr2:115919684 | E76: DPP10 | F76: 1 | J76: =IF(H76="",IF(I76="","",I76),H76)
A77: NM_001004416 | B77: chr21 | C77: 43491425 | D77: NM_001004416chr21:43491426 | E77: UMODL1 | F77: 1 | J77: =IF(H77="",IF(I77="","",I77),H77)
A78: NM_001005175 | B78: chr11 | C78: 5775922 | D78: NM_001005175chr11:5775923 | E78: OR52N4 | F78: 3 | J78: =IF(H78="",IF(I78="","",I78),H78)
A79: NM_001005861 | B79: chr3 | C79: 133875977 | D79: NM_001005861chr3:133875978 | E79: RYK | F79: CDS3_10 | H79: 纠后正确 | J79: =IF(H79="",IF(I79="","",I79),H79) -> 纠后正确
A80: NM_001005914 | B80: chr3 | C80: 50305039 | D80: NM_001005914chr3:50305040 | E80: SEMA3B | F80: CDS3_10 | H80: 纠后正确 | J80: =IF(H80="",IF(I80="","",I80),H80) -> 纠后正确
A81: NM_001006946 | B81: chr2 | C81: 20400557 | D81: NM_001006946chr2:20400558 | E81: SDC1 | F81: 1 | J81: =IF(H81="",IF(I81="","",I81),H81)
A82: NM_001007090 | B82: chr8 | C82: 13424351 | D82: NM_001007090chr8:13424352 | E82: C8orf48 | F82: 2 | J82: =IF(H82="",IF(I82="","",I82),H82)
A83: NM_001007277 | B83: chr11 | C83: 125439297 | D83: NM_001007277chr11:125439298 | E83: EI24 | F83: CDS3_10 | H83: 纠后正确 | J83: =IF(H83="",IF(I83="","",I83),H83) -> 纠后正确
A84: NM_001008211 | B84: chr10 | C84: 13142081 | D84: NM_001008211chr10:13142082 | E84: OPTN | F84: 1 | J84: =IF(H84="",IF(I84="","",I84),H84)
A85: NM_001008212 | B85: chr10 | C85: 13142081 | D85: NM_001008212chr10:13142082 | E85: OPTN | F85: 1 | J85: =IF(H85="",IF(I85="","",I85),H85)
A86: NM_001008213 | B86: chr10 | C86: 13142081 | D86: NM_001008213chr10:13142082 | E86: OPTN | F86: 1 | J86: =IF(H86="",IF(I86="","",I86),H86)
A87: NM_001008239 | B87: chr18 | C87: 43753987 | D87: NM_001008239chr18:43753988 | E87: C18orf25 | F87: >=11 | H87: 纠后正确，且氨基酸加1个chr18：43833705-43843081 | J87: =IF(H87="",IF(I87="","",I87),H87) -> 纠后正确，且氨基酸加1个chr18：43833705-43843081
A88: NM_001008401 | B88: chr19 | C88: 53935226 | D88: NM_001008401chr19:53935227 | E88: ZNF761 | F88: CDS3_10 | H88: 纠后正确 | J88: =IF(H88="",IF(I88="","",I88),H88) -> 纠后正确
A89: NM_001008485 | B89: chr3 | C89: 125725199 | D89: NM_001008485chr3:125725200 | E89: SLC41A3 | F89: 1 | J89: =IF(H89="",IF(I89="","",I89),H89)
A90: NM_001008486 | B90: chr3 | C90: 125725199 | D90: NM_001008486chr3:125725200 | E90: SLC41A3 | F90: 1 | J90: =IF(H90="",IF(I90="","",I90),H90)
A91: NM_001008738 | B91: chr5 | C91: 130977406 | D91: NM_001008738chr5:130977407 | E91: FNIP1 | F91: 1 | J91: =IF(H91="",IF(I91="","",I91),H91)
A92: NM_001009944 | B92: chr16 | C92: 2138710 | D92: NM_001009944chr16:2138711 | E92: PKD1 | F92: 1 | J92: =IF(H92="",IF(I92="","",I92),H92)
A93: NM_001010845 | B93: chr16 | C93: 20462858 | D93: NM_001010845chr16:20462859 | E93: ACSM2A | F93: 1 | J93: =IF(H93="",IF(I93="","",I93),H93)
A94: NM_001010855 | B94: chr17 | C94: 8706054 | D94: NM_001010855chr17:8706055 | E94: PIK3R6 | F94: CDS3_10 | H94: 纠后正确 | J94: =IF(H94="",IF(I94="","",I94),H94) -> 纠后正确
A95: NM_001010858 | B95: chr1 | C95: 228675067 | D95: NM_001010858chr1:228675068 | E95: RNF187 | F95: 1 | J95: =IF(H95="",IF(I95="","",I95),H95)
A96: NM_001010927 | B96: chr6 | C96: 155538096 | D96: NM_001010927chr6:155538097 | E96: TIAM2 | F96: 1 | J96: =IF(H96="",IF(I96="","",I96),H96)
A97: NM_001010986 | B97: chrX | C97: 138808504 | D97: NM_001010986chrX:138808505 | E97: ATP11C | F97: 1 | J97: =IF(H97="",IF(I97="","",I97),H97)
A98: NM_001011513 | B98: chr4 | C98: 95373007 | D98: NM_001011513chr4:95373008 | E98: PDLIM5 | F98: 1 | J98: =IF(H98="",IF(I98="","",I98),H98)
A99: NM_001011543 | B99: chrX | C99: 151301781 | D99: NM_001011543chrX:151301782 | E99: MAGEA10 | F99: 1 | J99: =IF(H99="",IF(I99="","",I99),H99)
A100: NM_001011657 | B100: chrX | C100: 101137259 | D100: NM_001011657chrX:101137260 | E100: ZMAT1 | F100: 1 | J100: =IF(H100="",IF(I100="","",I100),H100)
A101: NM_001011722 | B101: chr1 | C101: 17907047 | D101: NM_001011722chr1:17907048 | E101: ARHGEF10L | F101: 1 | J101: =IF(H101="",IF(I101="","",I101),H101)
A102: NM_001012288 | B102: chrX | C102: 1314868 | D102: NM_001012288chrX:1314869 | E102: CRLF2 | F102: 5 | H102: 无rs号验证，氨基酸加1个chrX:1314875-1314998 | J102: =IF(H102="",IF(I102="","",I102),H102) -> 无rs号验证，氨基酸加1个chrX:1314875-1314998
A103: NM_001012288 | B103: chrY | C103: 1264868 | D103: NM_001012288chrY:1264869 | E103: CRLF2 | F103: 5 | H103: 无rs号验证，氨基酸加1个chrY:1264871-1264998 | J103: =IF(H103="",IF(I103="","",I103),H103) -> 无rs号验证，氨基酸加1个chrY:1264871-1264998
A104: NM_001012302 | B104: chr11 | C104: 417929 | D104: NM_001012302chr11:417930 | E104: ANO9 | F104: 1 | J104: =IF(H104="",IF(I104="","",I104),H104)
A105: NM_001012415 | B105: chr9 | C105: 138585252 | D105: NM_001012415chr9:138585253 | E105: SOHLH1 | F105: 1 | J105: =IF(H105="",IF(I105="","",I105),H105)
A106: NM_001012509 | B106: chr5 | C106: 33945970 | D106: NM_001012509chr5:33945971 | E106: SLC45A2 | F106: 1 | J106: =IF(H106="",IF(I106="","",I106),H106)
A107: NM_001012709 | B107: chr11 | C107: 1642187 | D107: NM_001012709chr11:1642188 | E107: KRTAP5-4 | F107: >=11 | I107: 纠后正确,加60个氨基酸chr11:1642637-1642939 | J107: =IF(H107="",IF(I107="","",I107),H107) -> 纠后正确,加60个氨基酸chr11:1642637-1642939
A108: NM_001013620 | B108: chr12 | C108: 38710556 | D108: NM_001013620chr12:38710557 | E108: ALG10B | F108: 1 | J108: =IF(H108="",IF(I108="","",I108),H108)
A109: NM_001013642 | B109: chr1 | C109: 27320194 | D109: NM_001013642chr1:27320195 | E109: TRNP1 | F109: 1 | J109: =IF(H109="",IF(I109="","",I109),H109)
...

Sheet INDEL位置信息
A1: #mRNA | B1: Chr(NCBI) | C1: Start | D1: IndelPos(0) | E1: type | F1: Length | G1: Chr | H1: mRNA_NoVersion | I1: combin | J1: 变体是否需要纠错 | K1: 是否存在纠正信息 | L1: 第一次纠后信息 | M1: 第二次纠后信息
A2: NR_110830.1 | B2: NC_000023.10 | C2: 1314869 | D2: 1314883 | E2: INS | F2: 2 | G2: chrX | H2: NR_110830 | I2: NR_110830chrX:1314869 | M2: =VLOOKUP(I2,错误mRNA总表!D:I,6,FALSE) -> #N/A
A3: NR_110830.1 | B3: NC_000023.10 | C3: 1314869 | D3: 1314893 | E3: INS | F3: 1 | G3: chrX | H3: NR_110830 | I3: NR_110830chrX:1314869 | M3: =VLOOKUP(I3,错误mRNA总表!D:I,6,FALSE) -> #N/A
A4: NM_001346050.1 | B4: NC_000005.9 | C4: 180682147 | D4: 180682608 | E4: DEL | F4: 1 | G4: chr5 | H4: NM_001346050 | I4: NM_001346050chr5:180682147 | M4: =VLOOKUP(I4,错误mRNA总表!D:I,6,FALSE) -> #N/A
A5: NM_001001419.1 | B5: NC_000005.9 | C5: 135468536 | D5: 135513085 | E5: INS | F5: 1 | G5: chr5 | H5: NM_001001419 | I5: NM_001001419chr5:135468536 | J5: NM_001001419chr5:135468536 | K5: =VLOOKUP(J5,错误mRNA总表!D:J,7,FALSE) -> 纠后正确 | L5: 纠后正确 | M5: =VLOOKUP(I5,错误mRNA总表!D:I,6,FALSE) -> 0
A6: NM_031945.4 | B6: NC_000017.10 | C6: 79609331 | D6: 79614937 | E6: DEL | F6: 4 | G6: chr17 | H6: NM_031945 | I6: NM_031945chr17:79609331 | J6: NM_031945chr17:79609349 | K6: =VLOOKUP(J6,错误mRNA总表!D:J,7,FALSE) -> 纠后正确 | M6: =VLOOKUP(I6,错误mRNA总表!D:I,6,FALSE) -> #N/A
A7: NM_173681.5 | B7: NC_000007.13 | C7: 150709297 | D7: 150713902 | E7: INS | F7: 1 | G7: chr7 | H7: NM_173681 | I7: NM_173681chr7:150709297 | J7: NM_173681chr7:150709297 | K7: =VLOOKUP(J7,错误mRNA总表!D:J,7,FALSE) -> 纠后正确 | L7: 纠后正确 | M7: =VLOOKUP(I7,错误mRNA总表!D:I,6,FALSE) -> 0
A8: NM_021250.3 | B8: NW_003571054.1 | C8: 288498 | D8: 288670 | E8: DEL | F8: 2 | G8: NW_003571054.1 | H8: NM_021250 | I8: NM_021250:288498 | M8: =VLOOKUP(I8,错误mRNA总表!D:I,6,FALSE) -> #N/A
A9: NM_001145303.1 | B9: NW_003571060.1 | C9: 134946 | D9: 147897 | E9: DEL | F9: 1 | G9: NW_003571060.1 | H9: NM_001145303 | I9: NM_001145303:134946 | M9: =VLOOKUP(I9,错误mRNA总表!D:I,6,FALSE) -> #N/A
A10: NM_001290049.1 | B10: NC_000004.11 | C10: 76649706 | D10: 76650069 | E10: INS | F10: 23 | G10: chr4 | H10: NM_001290049 | I10: NM_001290049chr4:76649706 | M10: =VLOOKUP(I10,错误mRNA总表!D:I,6,FALSE) -> #N/A
A11: NM_001290049.1 | B11: NC_000004.11 | C11: 76649706 | D11: 76657500 | E11: INS | F11: 96 | G11: chr4 | H11: NM_001290049 | I11: NM_001290049chr4:76649706 | M11: =VLOOKUP(I11,错误mRNA总表!D:I,6,FALSE) -> #N/A
A12: NM_001287062.1 | B12: NC_000007.13 | C12: 66205643 | D12: 66274377 | E12: INS | F12: 2 | G12: chr7 | H12: NM_001287062 | I12: NM_001287062chr7:66205643 | M12: =VLOOKUP(I12,错误mRNA总表!D:I,6,FALSE) -> #N/A
A13: NM_001143813.1 | B13: NC_000011.9 | C13: 27676440 | D13: 27676545 | E13: DEL | F13: 1 | G13: chr11 | H13: NM_001143813 | I13: NM_001143813chr11:27676440 | M13: =VLOOKUP(I13,错误mRNA总表!D:I,6,FALSE) -> #N/A
A14: NM_001143813.1 | B14: NC_000011.9 | C14: 27676440 | D14: 27679010 | E14: DEL | F14: 1 | G14: chr11 | H14: NM_001143813 | I14: NM_001143813chr11:27676440 | M14: =VLOOKUP(I14,错误mRNA总表!D:I,6,FALSE) -> #N/A
A15: NM_001077690.1 | B15: NC_000011.9 | C15: 111652919 | D15: 111742145 | E15: DEL | F15: 1 | G15: chr11 | H15: NM_001077690 | I15: NM_001077690chr11:111652919 | J15: NM_001077690chr11:111652919 | K15: =VLOOKUP(J15,错误mRNA总表!D:J,7,FALSE) -> 纠后正确 | L15: 纠后正确 | M15: =VLOOKUP(I15,错误mRNA总表!D:I,6,FALSE) -> 0
A16: NM_024075.4 | B16: NW_003571056.1 | C16: 165232 | D16: 169309 | E16: DEL | F16: 3 | G16: NW_003571056.1 | H16: NM_024075 | I16: NM_024075:165232 | M16: =VLOOKUP(I16,错误mRNA总表!D:I,6,FALSE) -> #N/A
A17: NM_213632.2 | B17: NC_000020.10 | C17: 35757224 | D17: 35807790 | E17: INS | F17: 29 | G17: chr20 | H17: NM_213632 | I17: NM_213632chr20:35757224 | J17: NM_213632chr20:35757224 | K17: =VLOOKUP(J17,错误mRNA总表!D:J,7,FALSE) -> 纠后正确 | L17: 纠后正确 | M17: =VLOOKUP(I17,错误mRNA总表!D:I,6,FALSE) -> 0
A18: NM_001254717.1 | B18: NT_167247.1 | C18: 4760078 | D18: 4760131 | E18: INS | F18: 1 | G18: NT_167247.1 | H18: NM_001254717 | I18: NM_001254717:4760078 | M18: =VLOOKUP(I18,错误mRNA总表!D:I,6,FALSE) -> #N/A
A19: NM_153334.6 | B19: NC_000022.10 | C19: 20778874 | D19: 20779973 | E19: INS | F19: 1 | G19: chr22 | H19: NM_153334 | I19: NM_153334chr22:20778874 | M19: =VLOOKUP(I19,错误mRNA总表!D:I,6,FALSE) -> #N/A
A20: NM_153334.6 | B20: NC_000022.10 | C20: 20778874 | D20: 20780024 | E20: INS | F20: 1 | G20: chr22 | H20: NM_153334 | I20: NM_153334chr22:20778874 | M20: =VLOOKUP(I20,错误mRNA总表!D:I,6,FALSE) -> #N/A
A21: NM_153334.6 | B21: NC_000022.10 | C21: 20778874 | D21: 20780029 | E21: INS | F21: 1 | G21: chr22 | H21: NM_153334 | I21: NM_153334chr22:20778874 | M21: =VLOOKUP(I21,错误mRNA总表!D:I,6,FALSE) -> #N/A
A22: NM_001282302.1 | B22: NC_000023.10 | C22: 148685375 | D22: 148713418 | E22: INS | F22: 27 | G22: chrX | H22: NM_001282302 | I22: NM_001282302chrX:148685375 | M22: =VLOOKUP(I22,错误mRNA总表!D:I,6,FALSE) -> #N/A
A23: NM_001098534.1 | B23: NT_167245.1 | C23: 2892376 | D23: 2905672 | E23: DEL | F23: 4 | G23: NT_167245.1 | H23: NM_001098534 | I23: NM_001098534:2892376 | M23: =VLOOKUP(I23,错误mRNA总表!D:I,6,FALSE) -> #N/A
A24: NM_001304359.1 | B24: NC_000011.9 | C24: 1151580 | D24: 1162361 | E24: INS | F24: 4028 | G24: chr11 | H24: NM_001304359 | I24: NM_001304359chr11:1151580 | M24: =VLOOKUP(I24,错误mRNA总表!D:I,6,FALSE) -> #N/A
A25: NM_001304359.1 | B25: NC_000011.9 | C25: 1151580 | D25: 1162547 | E25: INS | F25: 7071 | G25: chr11 | H25: NM_001304359 | I25: NM_001304359chr11:1151580 | M25: =VLOOKUP(I25,错误mRNA总表!D:I,6,FALSE) -> #N/A
A26: NM_001304359.1 | B26: NC_000011.9 | C26: 1151580 | D26: 1212784 | E26: INS | F26: 409 | G26: chr11 | H26: NM_001304359 | I26: NM_001304359chr11:1151580 | M26: =VLOOKUP(I26,错误mRNA总表!D:I,6,FALSE) -> #N/A
A27: NM_001304359.1 | B27: NC_000011.9 | C27: 1151580 | D27: 1216317 | E27: INS | F27: 1 | G27: chr11 | H27: NM_001304359 | I27: NM_001304359chr11:1151580 | M27: =VLOOKUP(I27,错误mRNA总表!D:I,6,FALSE) -> #N/A
A28: NM_001304359.1 | B28: NC_000011.9 | C28: 1151580 | D28: 1216337 | E28: DEL | F28: 1 | G28: chr11 | H28: NM_001304359 | I28: NM_001304359chr11:1151580 | M28: =VLOOKUP(I28,错误mRNA总表!D:I,6,FALSE) -> #N/A
A29: NM_001346355.1 | B29: NC_000011.9 | C29: 46638826 | D29: 46694313 | E29: DEL | F29: 2 | G29: chr11 | H29: NM_001346355 | I29: NM_001346355chr11:46638826 | M29: =VLOOKUP(I29,错误mRNA总表!D:I,6,FALSE) -> #N/A
... A45: NR_109948.1 | B45: NW_003571036.1 | C45: 32679 | D45: 37408 | E45: DEL | F45: 3 | G45: NW_003571036.1 | H45: NR_109948 | I45: NR_109948:32679 | M45: =VLOOKUP(I45,错误mRNA总表!D:I,6,FALSE) -> #N/A
A46: NM_001113239.2 | B46: NC_000007.13 | C46: 139246316 | D46: 139316493 | E46: INS | F46: 962 | G46: chr7 | H46: NM_001113239 | I46: NM_001113239chr7:139246316 | J46: NM_001113239chr7:139246316 | K46: =VLOOKUP(J46,错误mRNA总表!D:J,7,FALSE) -> 多321个氨基酸，但rs号是多350个chr7:139257673-139316492 | L46: 多321个氨基酸，但rs号是多350个chr7:139257673-139316492 | M46: =VLOOKUP(I46,错误mRNA总表!D:I,6,FALSE) -> 0
A47: NM_001113239.2 | B47: NC_000007.13 | C47: 139246316 | D47: 139316474 | E47: INS | F47: 1 | G47: chr7 | H47: NM_001113239 | I47: NM_001113239chr7:139246316 | J47: NM_001113239chr7:139246316 | K47: =VLOOKUP(J47,错误mRNA总表!D:J,7,FALSE) -> 多321个氨基酸，但rs号是多350个chr7:139257673-139316492 | L47: 多321个氨基酸，但rs号是多350个chr7:139257673-139316492 | M47: =VLOOKUP(I47,错误mRNA总表!D:I,6,FALSE) -> 0
A48: NR_037170.1 | B48: NT_167248.1 | C48: 3381593 | D48: 3381690 | E48: INS | F48: 1 | G48: NT_167248.1 | H48: NR_037170 | I48: NR_037170:3381593 | M48: =VLOOKUP(I48,错误mRNA总表!D:I,6,FALSE) -> #N/A
A49: NM_003573.2 | B49: NC_000019.9 | C49: 41099072 | D49: 41123095 | E49: INS | F49: 1 | G49: chr19 | H49: NM_003573 | I49: NM_003573chr19:41099072 | J49: NM_003573chr19:41099072 | K49: =VLOOKUP(J49,错误mRNA总表!D:J,7,FALSE) -> 纠后正确 | L49: 纠后正确 | M49: =VLOOKUP(I49,错误mRNA总表!D:I,6,FALSE) -> 0
A50: NM_001267548.2 | B50: NC_000020.10 | C50: 62329995 | D50: 62331335 | E50: INS | F50: 1 | G50: chr20 | H50: NM_001267548 | I50: NM_001267548chr20:62329995 | M50: =VLOOKUP(I50,错误mRNA总表!D:I,6,FALSE) -> #N/A
A51: NM_001285986.1 | B51: NT_167249.1 | C51: 2467051 | D51: 2468516 | E51: DEL | F51: 6 | G51: NT_167249.1 | H51: NM_001285986 | I51: NM_001285986:2467051 | M51: =VLOOKUP(I51,错误mRNA总表!D:I,6,FALSE) -> #N/A
A52: NM_001285986.1 | B52: NT_167249.1 | C52: 2467051 | D52: 2468565 | E52: DEL | F52: 2 | G52: NT_167249.1 | H52: NM_001285986 | I52: NM_001285986:2467051 | M52: =VLOOKUP(I52,错误mRNA总表!D:I,6,FALSE) -> #N/A
A53: NM_001285986.1 | B53: NT_167249.1 | C53: 2467051 | D53: 2469065 | E53: DEL | F53: 3 | G53: NT_167249.1 | H53: NM_001285986 | I53: NM_001285986:2467051 | M53: =VLOOKUP(I53,错误mRNA总表!D:I,6,FALSE) -> #N/A
A54: NM_001285986.1 | B54: NT_167249.1 | C54: 2467051 | D54: 2469389 | E54: INS | F54: 1 | G54: NT_167249.1 | H54: NM_001285986 | I54: NM_001285986:2467051 | M54: =VLOOKUP(I54,错误mRNA总表!D:I,6,FALSE) -> #N/A
A55: NM_001285986.1 | B55: NT_167249.1 | C55: 2467051 | D55: 2469670 | E55: DEL | F55: 3 | G55: NT_167249.1 | H55: NM_001285986 | I55: NM_001285986:2467051 | M55: =VLOOKUP(I55,错误mRNA总表!D:I,6,FALSE) -> #N/A
A56: NR_038378.2 | B56: NW_004775430.1 | C56: 99841 | D56: 100441 | E56: DEL | F56: 1 | G56: NW_004775430.1 | H56: NR_038378 | I56: NR_038378:99841 | M56: =VLOOKUP(I56,错误mRNA总表!D:I,6,FALSE) -> #N/A
A57: NM_001278786.1 | B57: NT_167248.1 | C57: 1322018 | D57: 1322175 | E57: DEL | F57: 1 | G57: NT_167248.1 | H57: NM_001278786 | I57: NM_001278786:1322018 | M57: =VLOOKUP(I57,错误mRNA总表!D:I,6,FALSE) -> #N/A
A58: NM_004557.3 | B58: NT_167246.1 | C58: 3505441 | D58: 3534506 | E58: INS | F58: 3 | G58: NT_167246.1 | H58: NM_004557 | I58: NM_004557:3505441 | M58: =VLOOKUP(I58,错误mRNA总表!D:I,6,FALSE) -> #N/A
A59: NM_001201404.2 | B59: NC_000001.10 | C59: 27730730 | D59: 27732103 | E59: INS | F59: 10 | G59: chr1 | H59: NM_001201404 | I59: NM_001201404chr1:27730730 | M59: =VLOOKUP(I59,错误mRNA总表!D:I,6,FALSE) -> #N/A
A60: NM_004557.3 | B60: NT_113891.2 | C60: 3633298 | D60: 3662328 | E60: DEL | F60: 6 | G60: NT_113891.2 | H60: NM_004557 | I60: NM_004557:3633298 | M60: =VLOOKUP(I60,错误mRNA总表!D:I,6,FALSE) -> #N/A
A61: NM_203289.4 | B61: NT_167249.1 | C61: 2467051 | D61: 2469065 | E61: DEL | F61: 3 | G61: NT_167249.1 | H61: NM_203289 | I61: NM_203289:2467051 | J61: NM_203289chr6:31132114 | K61: =VLOOKUP(J61,错误mRNA总表!D:J,7,FALSE) | M61: =VLOOKUP(I61,错误mRNA总表!D:I,6,FALSE) -> #N/A
A62: NM_203289.4 | B62: NT_167249.1 | C62: 2467051 | D62: 2469389 | E62: INS | F62: 1 | G62: NT_167249.1 | H62: NM_203289 | I62: NM_203289:2467051 | J62: NM_203289chr6:31132114 | K62: =VLOOKUP(J62,错误mRNA总表!D:J,7,FALSE) | M62: =VLOOKUP(I62,错误mRNA总表!D:I,6,FALSE) -> #N/A
A63: NM_001289052.1 | B63: NW_004775427.1 | C63: 489200 | D63: 498976 | E63: INS | F63: 22 | G63: NW_004775427.1 | H63: NM_001289052 | I63: NM_001289052:489200 | M63: =VLOOKUP(I63,错误mRNA总表!D:I,6,FALSE) -> #N/A
A64: NM_001289052.1 | B64: NW_004775427.1 | C64: 489200 | D64: 498988 | E64: INS | F64: 17 | G64: NW_004775427.1 | H64: NM_001289052 | I64: NM_001289052:489200 | M64: =VLOOKUP(I64,错误mRNA总表!D:I,6,FALSE) -> #N/A
A65: NM_001289052.1 | B65: NW_004775427.1 | C65: 489200 | D65: 499165 | E65: INS | F65: 148 | G65: NW_004775427.1 | H65: NM_001289052 | I65: NM_001289052:489200 | M65: =VLOOKUP(I65,错误mRNA总表!D:I,6,FALSE) -> #N/A
A66: NM_001289052.1 | B66: NW_004775427.1 | C66: 489200 | D66: 499153 | E66: DEL | F66: 2 | G66: NW_004775427.1 | H66: NM_001289052 | I66: NM_001289052:489200 | M66: =VLOOKUP(I66,错误mRNA总表!D:I,6,FALSE) -> #N/A
A67: NM_001289052.1 | B67: NW_004775427.1 | C67: 489200 | D67: 499352 | E67: INS | F67: 1 | G67: NW_004775427.1 | H67: NM_001289052 | I67: NM_001289052:489200 | M67: =VLOOKUP(I67,错误mRNA总表!D:I,6,FALSE) -> #N/A
A68: NM_001289052.1 | B68: NW_004775427.1 | C68: 489200 | D68: 499365 | E68: INS | F68: 1 | G68: NW_004775427.1 | H68: NM_001289052 | I68: NM_001289052:489200 | M68: =VLOOKUP(I68,错误mRNA总表!D:I,6,FALSE) -> #N/A
A69: NM_001322371.1 | B69: NT_167244.1 | C69: 2263131 | D69: 2265989 | E69: INS | F69: 90 | G69: NT_167244.1 | H69: NM_001322371 | I69: NM_001322371:2263131 | M69: =VLOOKUP(I69,错误mRNA总表!D:I,6,FALSE) -> #N/A
A70: NM_001322371.1 | B70: NT_167244.1 | C70: 2263131 | D70: 2266822 | E70: INS | F70: 90 | G70: NT_167244.1 | H70: NM_001322371 | I70: NM_001322371:2263131 | M70: =VLOOKUP(I70,错误mRNA总表!D:I,6,FALSE) -> #N/A
A71: NR_001590.1 | B71: NT_167249.1 | C71: 1056331 | D71: 1056498 | E71: DEL | F71: 1 | G71: NT_167249.1 | H71: NR_001590 | I71: NR_001590:1056331 | M71: =VLOOKUP(I71,错误mRNA总表!D:I,6,FALSE) -> #N/A
A72: NM_021623.1 | B72: NC_000008.10 | C72: 38758753 | D72: 38827186 | E72: DEL | F72: 1 | G72: chr8 | H72: NM_021623 | I72: NM_021623chr8:38758753 | J72: NM_021623chr8:38758753 | K72: =VLOOKUP(J72,错误mRNA总表!D:J,7,FALSE) -> 纠后正确 | L72: 纠后正确 | M72: =VLOOKUP(I72,错误mRNA总表!D:I,6,FALSE) -> 0
A73: NM_032932.5 | B73: NC_000017.10 | C73: 29718642 | D73: 29863658 | E73: DEL | F73: 1 | G73: chr17 | H73: NM_032932 | I73: NM_032932chr17:29718642 | M73: =VLOOKUP(I73,错误mRNA总表!D:I,6,FALSE) -> #N/A
A74: NM_001303465.1 | B74: NC_000023.10 | C74: 153639854 | D74: 153640060 | E74: DEL | F74: 1 | G74: chrX | H74: NM_001303465 | I74: NM_001303465chrX:153639854 | M74: =VLOOKUP(I74,错误mRNA总表!D:I,6,FALSE) -> #N/A
A75: NM_005931.4 | B75: NT_167247.1 | C75: 2845591 | D75: 2845595 | E75: INS | F75: 2 | G75: NT_167247.1 | H75: NM_005931 | I75: NM_005931:2845591 | M75: =VLOOKUP(I75,错误mRNA总表!D:I,6,FALSE) -> #N/A
A76: NM_005931.4 | B76: NT_167247.1 | C76: 2845591 | D76: 2857527 | E76: INS | F76: 2 | G76: NT_167247.1 | H76: NM_005931 | I76: NM_005931:2845591 | M76: =VLOOKUP(I76,错误mRNA总表!D:I,6,FALSE) -> #N/A
A77: NR_120608.1 | B77: NT_167248.1 | C77: 1980909 | D77: 1985232 | E77: DEL | F77: 1 | G77: NT_167248.1 | H77: NR_120608 | I77: NR_120608:1980909 | M77: =VLOOKUP(I77,错误mRNA总表!D:I,6,FALSE) -> #N/A
A78: NR_136245.1 | B78: NT_167244.1 | C78: 3625554 | D78: 3625578 | E78: INS | F78: 13 | G78: NT_167244.1 | H78: NR_136245 | I78: NR_136245:3625554 | M78: =VLOOKUP(I78,错误mRNA总表!D:I,6,FALSE) -> #N/A
A79: NR_136245.1 | B79: NT_167244.1 | C79: 3625554 | D79: 3625569 | E79: INS | F79: 4 | G79: NT_167244.1 | H79: NR_136245 | I79: NR_136245:3625554 | M79: =VLOOKUP(I79,错误mRNA总表!D:I,6,FALSE) -> #N/A
A80: NR_136245.1 | B80: NT_167244.1 | C80: 3625554 | D80: 3627288 | E80: INS | F80: 168 | G80: NT_167244.1 | H80: NR_136245 | I80: NR_136245:3625554 | M80: =VLOOKUP(I80,错误mRNA总表!D:I,6,FALSE) -> #N/A
A81: NR_136245.1 | B81: NT_167244.1 | C81: 3625554 | D81: 3627282 | E81: DEL | F81: 2 | G81: NT_167244.1 | H81: NR_136245 | I81: NR_136245:3625554 | M81: =VLOOKUP(I81,错误mRNA总表!D:I,6,FALSE) -> #N/A
A82: NM_012324.4 | B82: NC_000022.10 | C82: 51039114 | D82: 51042513 | E82: INS | F82: 1 | G82: chr22 | H82: NM_012324 | I82: NM_012324chr22:51039114 | J82: NM_012324chr22:51039131 | K82: =VLOOKUP(J82,错误mRNA总表!D:J,7,FALSE) -> 纠后正确 | M82: =VLOOKUP(I82,错误mRNA总表!D:I,6,FALSE) -> #N/A
A83: NM_001278425.1 | B83: NC_000016.9 | C83: 81134484 | D83: 81161483 | E83: INS | F83: 1 | G83: chr16 | H83: NM_001278425 | I83: NM_001278425chr16:81134484 | M83: =VLOOKUP(I83,错误mRNA总表!D:I,6,FALSE) -> #N/A
A84: NM_080702.2 | B84: NT_113891.2 | C84: 3116416 | D84: 3116512 | E84: DEL | F84: 4 | G84: NT_113891.2 | H84: NM_080702 | I84: NM_080702:3116416 | M84: =VLOOKUP(I84,错误mRNA总表!D:I,6,FALSE) -> #N/A
A85: NM_001278267.1 | B85: NC_000001.10 | C85: 148250249 | D85: 148327500 | E85: INS | F85: 717 | G85: chr1 | H85: NM_001278267 | I85: NM_001278267chr1:148250249 | M85: =VLOOKUP(I85,错误mRNA总表!D:I,6,FALSE) -> #N/A
A86: NM_001278267.1 | B86: NC_000001.10 | C86: 148250249 | D86: 148328215 | E86: INS | F86: 3 | G86: chr1 | H86: NM_001278267 | I86: NM_001278267chr1:148250249 | M86: =VLOOKUP(I86,错误mRNA总表!D:I,6,FALSE) -> #N/A
A87: NM_001278267.1 | B87: NC_000001.10 | C87: 148250249 | D87: 148328218 | E87: INS | F87: 3 | G87: chr1 | H87: NM_001278267 | I87: NM_001278267chr1:148250249 | M87: =VLOOKUP(I87,错误mRNA总表!D:I,6,FALSE) -> #N/A
A88: NM_001278267.1 | B88: NC_000001.10 | C88: 148250249 | D88: 148297380 | E88: INS | F88: 731 | G88: chr1 | H88: NM_001278267 | I88: NM_001278267chr1:148250249 | M88: =VLOOKUP(I88,错误mRNA总表!D:I,6,FALSE) -> #N/A
A89: NM_001278267.1 | B89: NC_000001.10 | C89: 148250249 | D89: 148285533 | E89: INS | F89: 220 | G89: chr1 | H89: NM_001278267 | I89: NM_001278267chr1:148250249 | M89: =VLOOKUP(I89,错误mRNA总表!D:I,6,FALSE) -> #N/A
A90: NM_001278267.1 | B90: NC_000001.10 | C90: 148250249 | D90: 148282340 | E90: INS | F90: 220 | G90: chr1 | H90: NM_001278267 | I90: NM_001278267chr1:148250249 | M90: =VLOOKUP(I90,错误mRNA总表!D:I,6,FALSE) -> #N/A
A91: NM_001278267.1 | B91: NC_000001.10 | C91: 148250249 | D91: 148279147 | E91: INS | F91: 220 | G91: chr1 | H91: NM_001278267 | I91: NM_001278267chr1:148250249 | M91: =VLOOKUP(I91,错误mRNA总表!D:I,6,FALSE) -> #N/A
A92: NM_001278267.1 | B92: NC_000001.10 | C92: 148250249 | D92: 148259195 | E92: INS | F92: 506 | G92: chr1 | H92: NM_001278267 | I92: NM_001278267chr1:148250249 | M92: =VLOOKUP(I92,错误mRNA总表!D:I,6,FALSE) -> #N/A
A93: NM_001278267.1 | B93: NC_000001.10 | C93: 148250249 | D93: 148257604 | E93: INS | F93: 955 | G93: chr1 | H93: NM_001278267 | I93: NM_001278267chr1:148250249 | M93: =VLOOKUP(I93,错误mRNA总表!D:I,6,FALSE) -> #N/A
A94: NM_021184.3 | B94: NT_167246.1 | C94: 2968964 | D94: 2969434 | E94: DEL | F94: 1 | G94: NT_167246.1 | H94: NM_021184 | I94: NM_021184:2968964 | M94: =VLOOKUP(I94,错误mRNA总表!D:I,6,FALSE) -> #N/A
... A96: NM_001291412.1 | B96: NC_000021.8 | C96: 34915344 | D96: 34949497 | E96: INS | F96: 1 | G96: chr21 | H96: NM_001291412 | I96: NM_001291412chr21:34915344 | M96: =VLOOKUP(I96,错误mRNA总表!D:I,6,FALSE) -> #N/A
A97: NM_001173531.2 | B97: NT_113891.2 | C97: 2646867 | D97: 2649205 | E97: INS | F97: 1 | G97: NT_113891.2 | H97: NM_001173531 | I97: NM_001173531:2646867 | J97: NM_001173531chr6:31132114 | K97: =VLOOKUP(J97,错误mRNA总表!D:J,7,FALSE) | M97: =VLOOKUP(I97,错误mRNA总表!D:I,6,FALSE) -> #N/A
A98: NM_001173531.2 | B98: NT_113891.2 | C98: 2646867 | D98: 2649486 | E98: DEL | F98: 3 | G98: NT_113891.2 | H98: NM_001173531 | I98: NM_001173531:2646867 | J98: NM_001173531chr6:31132114 | K98: =VLOOKUP(J98,错误mRNA总表!D:J,7,FALSE) | M98: =VLOOKUP(I98,错误mRNA总表!D:I,6,FALSE) -> #N/A
A99: NM_001252338.2 | B99: NC_000020.10 | C99: 60074477 | D99: 60512340 | E99: INS | F99: 2 | G99: chr20 | H99: NM_001252338 | I99: NM_001252338chr20:60074477 | M99: =VLOOKUP(I99,错误mRNA总表!D:I,6,FALSE) -> #N/A
A100: NM_000500.7 | B100: NT_167249.1 | C100: 3338804 | D100: 3338938 | E100: INS | F100: 3 | G100: NT_167249.1 | H100: NM_000500 | I100: NM_000500:3338804 | M100: =VLOOKUP(I100,错误mRNA总表!D:I,6,FALSE) -> #N/A
A101: NR_026680.2 | B101: NT_167251.1 | C101: 1151952 | D101: 1153090 | E101: DEL | F101: 1 | G101: NT_167251.1 | H101: NR_026680 | I101: NR_026680:1151952 | M101: =VLOOKUP(I101,错误mRNA总表!D:I,6,FALSE) -> #N/A
A102: NM_001012989.2 | B102: NC_000023.10 | C102: 142967173 | D102: 142968015 | E102: DEL | F102: 5 | G102: chrX | H102: NM_001012989 | I102: NM_001012989chrX:142967173 | M102: =VLOOKUP(I102,错误mRNA总表!D:I,6,FALSE) -> #N/A
A103: NM_003631.2 | B103: NW_004504302.1 | C103: 11978 | D103: 120933 | E103: INS | F103: 1 | G103: NW_004504302.1 | H103: NM_003631 | I103: NM_003631:11978 | J103: NM_003631chr10:51026325 | K103: =VLOOKUP(J103,错误mRNA总表!D:J,7,FALSE) | M103: =VLOOKUP(I103,错误mRNA总表!D:I,6,FALSE) -> #N/A
A104: NM_003631.2 | B104: NW_004504302.1 | C104: 11978 | D104: 120951 | E104: INS | F104: 1 | G104: NW_004504302.1 | H104: NM_003631 | I104: NM_003631:11978 | J104: NM_003631chr10:51026325 | K104: =VLOOKUP(J104,错误mRNA总表!D:J,7,FALSE) | M104: =VLOOKUP(I104,错误mRNA总表!D:I,6,FALSE) -> #N/A
A105: NM_003631.2 | B105: NW_004504302.1 | C105: 11978 | D105: 120959 | E105: DEL | F105: 1 | G105: NW_004504302.1 | H105: NM_003631 | I105: NM_003631:11978 | J105: NM_003631chr10:51026325 | K105: =VLOOKUP(J105,错误mRNA总表!D:J,7,FALSE) | M105: =VLOOKUP(I105,错误mRNA总表!D:I,6,FALSE) -> #N/A
A106: NM_001278404.1 | B106: NW_003571054.1 | C106: 248562 | D106: 248597 | E106: INS | F106: 2 | G106: NW_003571054.1 | H106: NM_001278404 | I106: NM_001278404:248562 | M106: =VLOOKUP(I106,错误mRNA总表!D:I,6,FALSE) -> #N/A
A107: NM_001145303.2 | B107: NW_003571056.1 | C107: 134946 | D107: 147927 | E107: INS | F107: 1 | G107: NW_003571056.1 | H107: NM_001145303 | I107: NM_001145303:134946 | M107: =VLOOKUP(I107,错误mRNA总表!D:I,6,FALSE) -> #N/A
A108: NM_001145303.2 | B108: NW_003571056.1 | C108: 134946 | D108: 135009 | E108: INS | F108: 1 | G108: NW_003571056.1 | H108: NM_001145303 | I108: NM_001145303:134946 | M108: =VLOOKUP(I108,错误mRNA总表!D:I,6,FALSE) -> #N/A
A109: NR_033375.2 | B109: NC_000014.8 | C109: 106744269 | D109: 106744835 | E109: INS | F109: 1 | G109: chr14 | H109: NR_033375 | I109: NR_033375chr14:106744269 | M109: =VLOOKUP(I109,错误mRNA总表!D:I,6,FALSE) -> #N/A
A110: NM_001346312.1 | B110: NC_000011.9 | C110: 46638826 | D110: 46694313 | E110: DEL | F110: 2 | G110: chr11 | H110: NM_001346312 | I110: NM_001346312chr11:46638826 | M110: =VLOOKUP(I110,错误mRNA总表!D:I,6,FALSE) -> #N/A
A111: NR_104096.1 | B111: NC_000019.9 | C111: 55043909 | D111: 55056506 | E111: DEL | F111: 3 | G111: chr19 | H111: NR_104096 | I111: NR_104096chr19:55043909 | M111: =VLOOKUP(I111,错误mRNA总表!D:I,6,FALSE) -> #N/A
A112: NR_104096.1 | B112: NC_000019.9 | C112: 55043909 | D112: 55056646 | E112: DEL | F112: 6 | G112: chr19 | H112: NR_104096 | I112: NR_104096chr19:55043909 | M112: =VLOOKUP(I112,错误mRNA总表!D:I,6,FALSE) -> #N/A
A113: NM_001199239.1 | B113: NT_167248.1 | C113: 2922643 | D113: 2922659 | E113: DEL | F113: 5 | G113: NT_167248.1 | H113: NM_001199239 | I113: NM_001199239:2922643 | M113: =VLOOKUP(I113,错误mRNA总表!D:I,6,FALSE) -> #N/A
A114: NM_001199239.1 | B114: NT_167248.1 | C114: 2922643 | D114: 2923119 | E114: DEL | F114: 1 | G114: NT_167248.1 | H114: NM_001199239 | I114: NM_001199239:2922643 | M114: =VLOOKUP(I114,错误mRNA总表!D:I,6,FALSE) -> #N/A
A115: NM_001199239.1 | B115: NT_167248.1 | C115: 2922643 | D115: 2923239 | E115: INS | F115: 1 | G115: NT_167248.1 | H115: NM_001199239 | I115: NM_001199239:2922643 | M115: =VLOOKUP(I115,错误mRNA总表!D:I,6,FALSE) -> #N/A
A116: NM_004392.6 | B116: NC_000013.10 | C116: 72012098 | D116: 72440658 | E116: DEL | F116: 6 | G116: chr13 | H116: NM_004392 | I116: NM_004392chr13:72012098 | M116: =VLOOKUP(I116,错误mRNA总表!D:I,6,FALSE) -> #N/A
...

Sheet 用于纠正的INDEL
A1: #mRNA | B1: Chr(NCBI) | C1: Start | D1: IndelPos(0) | E1: type | F1: Length | G1: mRNA_NoVersion | H1: Chr(use) | I1: Start(use) | J1: combin | K1: 变体是否需要纠错 | L1: 是否存在纠正信息
A2: NM_000278.3 | B2: chr10 | C2: 102505468 | D2: 102587331 | E2: DEL | F2: 3 | G2: NM_000278 | H2: chr10 | I2: 102505468 | J2: NM_000278chr10:102505468 | K2: NM_000278chr10:102505468 | L2: 纠后正确，少1个氨基酸chr10:102587349-102587376
A3: NM_000348.3 | B3: chr2 | C3: 31749656 | D3: 31805880 | E3: INS | F3: 1 | G3: NM_000348 | H3: chr2 | I3: 31749656 | J3: NM_000348chr2:31749656 | K3: NM_000348chr2:31749656 | L3: 纠后正确
A4: NM_000597.2 | B4: chr2 | C4: 217498127 | D4: 217498310 | E4: INS | F4: 9 | G4: NM_000597 | H4: chr2 | I4: 217498127 | J4: NM_000597chr2:217498127 | K4: NM_000597chr2:217498127 | L4: 无法验证，NCBIrs无此变体（rs747453609），纠后氨基酸少3个chr2:217498311-217528827
A5: NM_000615.6 | B5: chr11 | C5: 112831969 | D5: 112832308 | E5: INS | F5: 1 | G5: NM_000615 | H5: chr11 | I5: 112831969 | J5: NM_000615chr11:112831969 | K5: NM_000615chr11:112831969 | L5: 纠后正确
A6: NM_000615.6 | B6: chr11 | C6: 112831969 | D6: 112832339 | E6: DEL | F6: 1 | G6: NM_000615 | H6: chr11 | I6: 112831969 | J6: NM_000615chr11:112831969 | K6: NM_000615chr11:112831969 | L6: 纠后正确
A7: NM_000682.5 | B7: chr2 | C7: 96778623 | D7: 96780986 | E7: INS | F7: 9 | G7: NM_000682 | H7: chr2 | I7: 96778623 | J7: NM_000682chr2:96778623 | K7: NM_000682chr2:96778623 | L7: 纠后正确，少了3个氨基酸
A8: NM_000682.6 | B8: chr2 | C8: 96778623 | D8: 96780986 | E8: INS | F8: 9 | G8: NM_000682 | H8: chr2 | I8: 96778623 | J8: NM_000682chr2:96778623 | K8: NM_000682chr2:96778623 | L8: 纠后正确，少了3个氨基酸
A9: NM_000694.2 | B9: chr11 | C9: 67777790 | D9: 67786065 | E9: INS | F9: 1 | G9: NM_000694 | H9: chr11 | I9: 67777790 | J9: NM_000694chr11:67777790 | K9: NM_000694chr11:67777790 | L9: 纠后正确
A10: NM_000694.2 | B10: chr11 | C10: 67777790 | D10: 67789294 | E10: INS | F10: 1 | G10: NM_000694 | H10: chr11 | I10: 67777790 | J10: NM_000694chr11:67777790 | K10: NM_000694chr11:67777790 | L10: 纠后正确
A11: NM_000694.2 | B11: chr11 | C11: 67777790 | D11: 67795380 | E11: INS | F11: 1 | G11: NM_000694 | H11: chr11 | I11: 67777790 | J11: NM_000694chr11:67777790 | K11: NM_000694chr11:67777790 | L11: 纠后正确
A12: NM_000804.2 | B12: chr11 | C12: 71846771 | D12: 71850157 | E12: INS | F12: 2 | G12: NM_000804 | H12: chr11 | I12: 71846771 | J12: NM_000804chr11:71846771 | K12: NM_000804chr11:71846771 | L12: 纠后正确
A13: NM_001001419.1 | B13: chr5 | C13: 135468536 | D13: 135513085 | E13: INS | F13: 1 | G13: NM_001001419 | H13: chr5 | I13: 135468536 | J13: NM_001001419chr5:135468536 | K13: NM_001001419chr5:135468536 | L13: 纠后正确
... A394: XM_003959954.2 | B394: chr19 | C394: 21800852 | D394: 21821746 | E394: INS | F394: 1 | G394: XM_003959954 | H394: chr19 | I394: 21800852 | J394: XM_003959954chr19:21800852 | K394: XM_003959954chr19:21800852 | L394: 纠后正确，utr略有变化，版本不一致
A395: NM_001039127.3 | B395: chr4 | C395: 124420 | D395: 124555 | E395: INS | F395: 97 | G395: NM_001039127 | H395: chr4 | I395: 124420 | J395: NM_001039127chr4:124420 | K395: NM_001039127chr4:124420 | L395: =VLOOKUP(K395,错误mRNA总表!D:J,7,FALSE) -> 纠后区间有变化（版本不一致）与Browers相匹配，chr4:133711-136743之前有5个氨基酸不对，其他正确
A396: NM_001039127.3 | B396: chr4 | C396: 124420 | D396: 133624 | E396: DEL | F396: 2 | G396: NM_001039127 | H396: chr4 | I396: 124420 | J396: NM_001039127chr4:124420 | K396: NM_001039127chr4:124420 | L396: =VLOOKUP(K396,错误mRNA总表!D:J,7,FALSE) -> 纠后区间有变化（版本不一致）与Browers相匹配，chr4:133711-136743之前有5个氨基酸不对，其他正确
A397: NM_001039127.3 | B397: chr4 | C397: 124420 | D397: 136743 | E397: INS | F397: 91 | G397: NM_001039127 | H397: chr4 | I397: 124420 | J397: NM_001039127chr4:124420 | K397: NM_001039127chr4:124420 | L397: =VLOOKUP(K397,错误mRNA总表!D:J,7,FALSE) -> 纠后区间有变化（版本不一致）与Browers相匹配，chr4:133711-136743之前有5个氨基酸不对，其他正确
A398: NM_001039127.3 | B398: chr4 | C398: 124420 | D398: 136734 | E398: DEL | F398: 1 | G398: NM_001039127 | H398: chr4 | I398: 124420 | J398: NM_001039127chr4:124420 | K398: NM_001039127chr4:124420 | L398: =VLOOKUP(K398,错误mRNA总表!D:J,7,FALSE) -> 纠后区间有变化（版本不一致）与Browers相匹配，chr4:133711-136743之前有5个氨基酸不对，其他正确
A399: NM_001039127.5 | B399: chr4 | C399: 124358 | D399: 124555 | E399: INS | F399: 97 | G399: NM_001039127 | H399: chr4 | I399: 124358 | J399: NM_001039127chr4:124358 | K399: NM_001039127chr4:124420 | L399: =VLOOKUP(K399,错误mRNA总表!D:J,7,FALSE) -> 纠后区间有变化（版本不一致）与Browers相匹配，chr4:133711-136743之前有5个氨基酸不对，其他正确
A400: NM_001039127.5 | B400: chr4 | C400: 124358 | D400: 133634 | E400: INS | F400: 22 | G400: NM_001039127 | H400: chr4 | I400: 124358 | J400: NM_001039127chr4:124358 | K400: NM_001039127chr4:124420 | L400: =VLOOKUP(K400,错误mRNA总表!D:J,7,FALSE) -> 纠后区间有变化（版本不一致）与Browers相匹配，chr4:133711-136743之前有5个氨基酸不对，其他正确
A401: NM_001039127.5 | B401: chr4 | C401: 124358 | D401: 133624 | E401: DEL | F401: 2 | G401: NM_001039127 | H401: chr4 | I401: 124358 | J401: NM_001039127chr4:124358 | K401: NM_001039127chr4:124420 | L401: =VLOOKUP(K401,错误mRNA总表!D:J,7,FALSE) -> 纠后区间有变化（版本不一致）与Browers相匹配，chr4:133711-136743之前有5个氨基酸不对，其他正确
A402: NM_001039127.5 | B402: chr4 | C402: 124358 | D402: 137023 | E402: INS | F402: 69 | G402: NM_001039127 | H402: chr4 | I402: 124358 | J402: NM_001039127chr4:124358 | K402: NM_001039127chr4:124420 | L402: =VLOOKUP(K402,错误mRNA总表!D:J,7,FALSE) -> 纠后区间有变化（版本不一致）与Browers相匹配，chr4:133711-136743之前有5个氨基酸不对，其他正确
A403: NM_001039127.5 | B403: chr4 | C403: 124358 | D403: 137020 | E403: INS | F403: 1 | G403: NM_001039127 | H403: chr4 | I403: 124358 | J403: NM_001039127chr4:124358 | K403: NM_001039127chr4:124420 | L403: =VLOOKUP(K403,错误mRNA总表!D:J,7,FALSE) -> 纠后区间有变化（版本不一致）与Browers相匹配，chr4:133711-136743之前有5个氨基酸不对，其他正确

Sheet 最后核对情况
A1: NM_000278chr10:102505468 | B1: =VLOOKUP(A1,INDEL位置信息!J:K,2,FALSE) -> 纠后正确，少1个氨基酸chr10:102587349-102587376 | C1: NewAnnoLC/NM_000278_chr10_102505468.txt | D1: -1
A2: NM_000348chr2:31749656 | B2: =VLOOKUP(A2,INDEL位置信息!J:K,2,FALSE) -> 纠后正确 | C2: NewAnnoLC/NM_000348_chr2_31749656.txt | D2: ok
A3: NM_000597chr2:217498127 | B3: =VLOOKUP(A3,INDEL位置信息!J:K,2,FALSE) -> 无法验证，NCBIrs无此变体（rs747453609），纠后氨基酸加3个chr2:217498311-217528827 | C3: NewAnnoLC/NM_000597_chr2_217498127.txt | D3: 3
A4: NM_000615chr11:112831969 | B4: =VLOOKUP(A4,INDEL位置信息!J:K,2,FALSE) -> 纠后正确 | C4: NewAnnoLC/NM_000615_chr11_112831969.txt | D4: ok
A5: NM_000682chr2:96778623 | B5: =VLOOKUP(A5,INDEL位置信息!J:K,2,FALSE) -> 纠后正确，加了3个氨基酸 | C5: NewAnnoLC/NM_000682_chr2_96778623.txt | D5: 3
A6: NM_000694chr11:67777790 | B6: =VLOOKUP(A6,INDEL位置信息!J:K,2,FALSE) -> 纠后正确 | C6: NewAnnoLC/NM_000694_chr11_67777790.txt | D6: ok
A7: NM_000804chr11:71846771 | B7: =VLOOKUP(A7,INDEL位置信息!J:K,2,FALSE) -> 纠后正确 | C7: NewAnnoLC/NM_000804_chr11_71846771.txt | D7: ok
A8: NM_001001419chr5:135468536 | B8: =VLOOKUP(A8,INDEL位置信息!J:K,2,FALSE) -> 纠后正确 | C8: NewAnnoLC/NM_001001419_chr5_135468536.txt | D8: ok
A9: NM_001001420chr5:135468536 | B9: =VLOOKUP(A9,INDEL位置信息!J:K,2,FALSE) -> 纠后正确 | C9: NewAnnoLC/NM_001001420_chr5_135468536.txt | D9: ok
A10: NM_001001520chr19:4472255 | B10: =VLOOKUP(A10,INDEL位置信息!J:K,2,FALSE) -> 纠后正确，且氨基酸少5个chr19：4499665-4502022 | C10: NewAnnoLC/NM_001001520_chr19_4472255.txt | D10: -5
A11: NM_001002836chr19:56598732 | B11: =VLOOKUP(A11,INDEL位置信息!J:K,2,FALSE) -> 纠后正确，少1个氨基酸chr19:56599389-56599751 | C11: NewAnnoLC/NM_001002836_chr19_56598732.txt | D11: -1
A12: NM_001005861chr3:133875978 | B12: =VLOOKUP(A12,INDEL位置信息!J:K,2,FALSE) -> 纠后正确 | C12: NewAnnoLC/NM_001005861_chr3_133875978.txt | D12: ok
A13: NM_001005914chr3:50305040 | B13: =VLOOKUP(A13,INDEL位置信息!J:K,2,FALSE) -> 纠后正确 | C13: NewAnnoLC/NM_001005914_chr3_50305040.txt | D13: ok
A14: NM_001007277chr11:125439298 | B14: =VLOOKUP(A14,INDEL位置信息!J:K,2,FALSE) -> 纠后正确 | C14: NewAnnoLC/NM_001007277_chr11_125439298.txt | D14: ok
A15: NM_001008239chr18:43753988 | B15: =VLOOKUP(A15,INDEL位置信息!J:K,2,FALSE) -> 纠后正确，且氨基酸加1个chr18：43833705-43843081 | C15: NewAnnoLC/NM_001008239_chr18_43753988.txt | D15: 1
A16: NM_001008401chr19:53935227 | B16: =VLOOKUP(A16,INDEL位置信息!J:K,2,FALSE) -> 纠后正确 | C16: NewAnnoLC/NM_001008401_chr19_53935227.txt | D16: ok
A17: NM_001010855chr17:8706055 | B17: =VLOOKUP(A17,INDEL位置信息!J:K,2,FALSE) -> 纠后正确 | C17: NewAnnoLC/NM_001010855_chr17_8706055.txt | D17: ok
A18: NM_001012288chrX:1314869 | B18: =VLOOKUP(A18,INDEL位置信息!J:K,2,FALSE) -> 无rs号验证，氨基酸加1个chrX:1314875-1314998 | C18: NewAnnoLC/NM_001012288_chrX_1314869.txt | D18: 1
A19: NM_001012288chrY:1264869 | B19: =VLOOKUP(A19,INDEL位置信息!I:K,3,FALSE) -> 无rs号验证，氨基酸加1个chrX:1314875-1314998 | C19: NewAnnoLC/NM_001012288_chrY_1264869.txt | D19: 1
A20: NM_001012709chr11:1642188 | B20: =VLOOKUP(A20,INDEL位置信息!J:K,2,FALSE) -> 纠后正确,加60个氨基酸chr11:1642637-1642939 | C20: NewAnnoLC/NM_001012709_chr11_1642188.txt | D20: 60
A21: NM_001013742chrX:50111879 | B21: =VLOOKUP(A21,INDEL位置信息!J:K,2,FALSE) -> 纠后正确 | C21: NewAnnoLC/NM_001013742_chrX_50111879.txt | D21: ok
A22: NM_001017396chr2:95831183 | B22: =VLOOKUP(A22,INDEL位置信息!J:K,2,FALSE) -> 纠后正确，氨基酸少1个，chr2：95847047-95847854 | C22: NewAnnoLC/NM_001017396_chr2_95831183.txt | D22: -1
A23: NM_001023560chr6:28234788 | B23: =VLOOKUP(A23,INDEL位置信息!J:K,2,FALSE) -> 纠后正确 | C23: NewAnnoLC/NM_001023560_chr6_28234788.txt | D23: ok
A24: NM_001030010chr11:67777790 | B24: =VLOOKUP(A24,INDEL位置信息!J:K,2,FALSE) -> 纠后正确 | C24: NewAnnoLC/NM_001030010_chr11_67777790.txt | D24: ok
A25: NM_001037954chr11:111807927 | B25: =VLOOKUP(A25,INDEL位置信息!J:K,2,FALSE) -> 纠后正确，utr略有变化，版本不一致 | C25: NewAnnoLC/NM_001037954_chr11_111807927.txt | D25: ok
A26: NM_001039127chr4:124420 | B26: 纠后区间有变化（版本不一致）与Browers相匹配，chr4:154702之前的与rs号信息不一致，之后一致 | C26: NewAnnoLC/NM_001039127_chr4_124420.txt | D26: ok
A27: NM_001039350chr7:153584419 | B27: =VLOOKUP(A27,INDEL位置信息!J:K,2,FALSE) -> 纠后正确 | C27: NewAnnoLC/NM_001039350_chr7_153584419.txt | D27: ok
A28: NM_001039476chr16:135800 | B28: =VLOOKUP(A28,INDEL位置信息!J:K,2,FALSE) -> 纠后正确 | C28: NewAnnoLC/NM_001039476_chr16_135800.txt | D28: ok
A29: NM_001039887chr19:36249044 | B29: =VLOOKUP(A29,INDEL位置信息!J:K,2,FALSE) -> 纠后正确 | C29: NewAnnoLC/NM_001039887_chr19_36249044.txt | D29: ok
A30: NM_001042544chr19:41103141 | B30: =VLOOKUP(A30,INDEL位置信息!J:K,2,FALSE) -> 纠后正确 | C30: NewAnnoLC/NM_001042544_chr19_41103141.txt | D30: ok
A31: NM_001042545chr19:41107277 | B31: =VLOOKUP(A31,INDEL位置信息!J:K,2,FALSE) -> 纠后正确 | C31: NewAnnoLC/NM_001042545_chr19_41107277.txt | D31: ok
A32: NM_001048201chr19:4909510 | B32: =VLOOKUP(A32,INDEL位置信息!J:K,2,FALSE) -> 纠后正确 | C32: NewAnnoLC/NM_001048201_chr19_4909510.txt | D32: ok
A33: NM_001048205chr14:24641234 | B33: =VLOOKUP(A33,INDEL位置信息!J:K,2,FALSE) -> 纠后正确，加1个氨基酸chr14:24646414-24649301 | C33: NewAnnoLC/NM_001048205_chr14_24641234.txt | D33: 1
A34: NM_001076682chr11:112831969 | B34: =VLOOKUP(A34,INDEL位置信息!J:K,2,FALSE) -> 纠后正确 | C34: NewAnnoLC/NM_001076682_chr11_112831969.txt | D34: ok
A35: NM_001077238chr19:2328629 | B35: =VLOOKUP(A35,INDEL位置信息!J:K,2,FALSE) -> 纠后正确 | C35: NewAnnoLC/NM_001077238_chr19_2328629.txt | D35: ok
A36: NM_001077350chr16:135800 | B36: =VLOOKUP(A36,INDEL位置信息!J:K,2,FALSE) -> 纠后正确 | C36: NewAnnoLC/NM_001077350_chr16_135800.txt | D36: ok
A37: NM_001077527chr8:143738874 | B37: =VLOOKUP(A37,INDEL位置信息!J:K,2,FALSE) -> 纠后正确，版本不一致，utr略有变化 | C37: NewAnnoLC/NM_001077527_chr8_143738874.txt | D37: ok
A38: NM_001077690chr11:111652919 | B38: =VLOOKUP(A38,INDEL位置信息!J:K,2,FALSE) -> 纠后正确 | C38: NewAnnoLC/NM_001077690_chr11_111652919.txt | D38: ok
A39: NM_001080423chr3:14530619 | B39: =VLOOKUP(A39,INDEL位置信息!J:K,2,FALSE) -> 纠后正确 | C39: NewAnnoLC/NM_001080423_chr3_14530619.txt | D39: ok
A40: NM_001080519chr17:79373540 | B40: =VLOOKUP(A40,INDEL位置信息!J:K,2,FALSE) -> 纠后正确,区间略有变化，加57个氨基酸chr8:79394663-79433358 | C40: NewAnnoLC/NM_001080519_chr17_79373540.txt | D40: 57
A41: NM_001081640chr8:48685669 | B41: =VLOOKUP(A41,INDEL位置信息!J:K,2,FALSE) -> 纠后正确 | C41: NewAnnoLC/NM_001081640_chr8_48685669.txt | D41: ok
A42: NM_001099670chr8:86126288 | B42: =VLOOKUP(A42,INDEL位置信息!J:K,2,FALSE) -> 纠后正确，加2个氨基酸chr8:86126795-86126826 | C42: NewAnnoLC/NM_001099670_chr8_86126288.txt | D42: 2
A43: NM_001099671chr8:86126288 | B43: =VLOOKUP(A43,INDEL位置信息!J:K,2,FALSE) -> 纠后正确，加2个氨基酸chr8:86126795-86126826 | C43: NewAnnoLC/NM_001099671_chr8_86126288.txt | D43: 2
A44: NM_001099672chr8:86126288 | B44: =VLOOKUP(A44,INDEL位置信息!J:K,2,FALSE) -> 纠后正确，加2个氨基酸chr8:86126795-86126826 | C44: NewAnnoLC/NM_001099672_chr8_86126288.txt | D44: 2
A45: NM_001099673chr8:86126288 | B45: =VLOOKUP(A45,INDEL位置信息!J:K,2,FALSE) -> 纠后正确，加2个氨基酸chr8:86126795-86126826 | C45: NewAnnoLC/NM_001099673_chr8_86126288.txt | D45: 2
A46: NM_001102597chr19:45010211 | B46: =VLOOKUP(A46,INDEL位置信息!J:K,2,FALSE) -> 纠后正确 | C46: NewAnnoLC/NM_001102597_chr19_45010211.txt | D46: ok
A47: NM_001102598chr19:45010211 | B47: =VLOOKUP(A47,INDEL位置信息!J:K,2,FALSE) -> 纠后正确 | C47: NewAnnoLC/NM_001102598_chr19_45010211.txt | D47: ok
A48: NM_001102599chr19:45010211 | B48: =VLOOKUP(A48,INDEL位置信息!J:K,2,FALSE) -> 纠后正确 | C48: NewAnnoLC/NM_001102599_chr19_45010211.txt | D48: ok
A49: NM_001102600chr19:45010211 | B49: =VLOOKUP(A49,INDEL位置信息!J:K,2,FALSE) -> 纠后正确 | C49: NewAnnoLC/NM_001102600_chr19_45010211.txt | D49: ok
A50: NM_001105520chr17:6555059 | B50: =VLOOKUP(A50,INDEL位置信息!J:K,2,FALSE) -> 纠后正确 | C50: NewAnnoLC/NM_001105520_chr17_6555059.txt | D50: ok
A51: NM_001110199chr7:75831216 | B51: =VLOOKUP(A51,INDEL位置信息!J:K,2,FALSE) -> 纠后正确 | C51: NewAnnoLC/NM_001110199_chr7_75831216.txt | D51: ok
A52: NM_001111039chr6:28234788 | B52: =VLOOKUP(A52,INDEL位置信息!J:K,2,FALSE) -> 纠后正确 | C52: NewAnnoLC/NM_001111039_chr6_28234788.txt | D52: ok
A53: NM_001113239chr7:139246316 | B53: =VLOOKUP(A53,INDEL位置信息!J:K,2,FALSE) -> 多321个氨基酸，但rs号是多350个chr7:139257673-139316492 | C53: NewAnnoLC/NM_001113239_chr7_139246316.txt | D53: 321
A54: NM_001130997chrX:152853383 | B54: =VLOOKUP(A54,INDEL位置信息!J:K,2,FALSE) -> 纠后正确 | C54: NewAnnoLC/NM_001130997_chrX_152853383.txt | D54: ok
A55: NM_001134382chr3:12938542 | B55: =VLOOKUP(A55,INDEL位置信息!J:K,2,FALSE) -> 纠后正确 | C55: NewAnnoLC/NM_001134382_chr3_12938542.txt | D55: ok
A56: NM_001135649chr2:88747726 | B56: =VLOOKUP(A56,INDEL位置信息!J:K,2,FALSE) -> 纠后正确 | C56: NewAnnoLC/NM_001135649_chr2_88747726.txt | D56: ok
A57: NM_001135914chr7:128516919 | B57: =VLOOKUP(A57,INDEL位置信息!J:K,2,FALSE) -> 纠后正确 | C57: NewAnnoLC/NM_001135914_chr7_128516919.txt | D57: ok
A58: NM_001143962chr1:223714972 | B58: =VLOOKUP(A58,INDEL位置信息!J:K,2,FALSE) -> 多98个氨基酸，但无法验证哪个正确，NCBIrs无氨基酸注释信息chr1:223715199-223743130 | C58: NewAnnoLC/NM_001143962_chr1_223714972.txt | D58: 98
A59: NM_001145026chr12:80838126 | B59: =VLOOKUP(A59,INDEL位置信息!J:K,2,FALSE) -> 多149个氨基酸，但rs号是多152个（rs370185461）chr7:139257673-139316492 | C59: NewAnnoLC/NM_001145026_chr12_80838126.txt | D59: 149
A60: NM_001145440chr7:72039492 | B60: =VLOOKUP(A60,INDEL位置信息!J:K,2,FALSE) -> 纠后正确 | C60: NewAnnoLC/NM_001145440_chr7_72039492.txt | D60: ok
A61: NM_001145441chr7:72023729 | B61: =VLOOKUP(A61,INDEL位置信息!J:K,2,FALSE) -> 纠后正确 | C61: NewAnnoLC/NM_001145441_chr7_72023729.txt | D61: ok
A62: NM_001145710chr2:24346350 | B62: =VLOOKUP(A62,INDEL位置信息!J:K,2,FALSE) -> 纠后正确 | C62: NewAnnoLC/NM_001145710_chr2_24346350.txt | D62: ok
A63: NM_001161473chr11:67776048 | B63: =VLOOKUP(A63,INDEL位置信息!J:K,2,FALSE) -> 纠后正确 | C63: NewAnnoLC/NM_001161473_chr11_67776048.txt | D63: ok
A64: NM_001163022chr20:21106624 | B64: =VLOOKUP(A64,INDEL位置信息!J:K,2,FALSE) -> 纠后正确 | C64: NewAnnoLC/NM_001163022_chr20_21106624.txt | D64: ok
A65: NM_001163023chr20:21106624 | B65: =VLOOKUP(A65,INDEL位置信息!J:K,2,FALSE) -> 纠后正确 | C65: NewAnnoLC/NM_001163023_chr20_21106624.txt | D65: ok
A66: NM_001164277chr11:118895061 | B66: =VLOOKUP(A66,INDEL位置信息!J:K,2,FALSE) -> 纠后正确 | C66: NewAnnoLC/NM_001164277_chr11_118895061.txt | D66: ok
A67: NM_001164278chr11:118895061 | B67: =VLOOKUP(A67,INDEL位置信息!J:K,2,FALSE) -> 纠后正确 | C67: NewAnnoLC/NM_001164278_chr11_118895061.txt | D67: ok
A68: NM_001164279chr11:118895061 | B68: =VLOOKUP(A68,INDEL位置信息!J:K,2,FALSE) -> 纠后正确 | C68: NewAnnoLC/NM_001164279_chr11_118895061.txt | D68: ok
A69: NM_001164280chr11:118895061 | B69: =VLOOKUP(A69,INDEL位置信息!J:K,2,FALSE) -> 纠后正确 | C69: NewAnnoLC/NM_001164280_chr11_118895061.txt | D69: ok
A70: NM_001171904chr3:51433298 | B70: =VLOOKUP(A70,INDEL位置信息!J:K,2,FALSE) -> 纠后正确，rs无基因信息，加53个氨基酸，chr3:51436200-51467663 | C70: NewAnnoLC/NM_001171904_chr3_51433298.txt | D70: 53
A71: NM_001177506chr7:36552549 | B71: =VLOOKUP(A71,INDEL位置信息!J:K,2,FALSE) -> 纠后正确 | C71: NewAnnoLC/NM_001177506_chr7_36552549.txt | D71: ok
A72: NM_001190467chr19:7933605 | B72: =VLOOKUP(A72,INDEL位置信息!J:K,2,FALSE) -> 纠后正确 | C72: NewAnnoLC/NM_001190467_chr19_7933605.txt | D72: ok
A73: NM_001193335chr9:95218487 | B73: =VLOOKUP(A73,INDEL位置信息!J:K,2,FALSE) -> 纠后正确，少1个氨基酸chr9：95227244-95237086 | C73: NewAnnoLC/NM_001193335_chr9_95218487.txt | D73: -1
A74: NM_001199824chr19:56052023 | B74: =VLOOKUP(A74,INDEL位置信息!J:K,2,FALSE) -> 纠后正确 | C74: NewAnnoLC/NM_001199824_chr19_56052023.txt | D74: ok
A75: NM_001220773chr7:50455032 | B75: =VLOOKUP(A75,INDEL位置信息!J:K,2,FALSE) -> 纠后正确 | C75: NewAnnoLC/NM_001220773_chr7_50455032.txt | D75: ok
A76: NM_001220774chr7:50455032 | B76: =VLOOKUP(A76,INDEL位置信息!J:K,2,FALSE) -> 纠后正确 | C76: NewAnnoLC/NM_001220774_chr7_50455032.txt | D76: ok
A77: NM_001242366chr17:26721661 | B77: =VLOOKUP(A77,INDEL位置信息!J:K,2,FALSE) -> 纠后正确 | C77: NewAnnoLC/NM_001242366_chr17_26721661.txt | D77: ok
A78: NM_001242607chr11:112831969 | B78: =VLOOKUP(A78,INDEL位置信息!J:K,2,FALSE) -> 纠后正确 | C78: NewAnnoLC/NM_001242607_chr11_112831969.txt | D78: ok
A79: NM_001242608chr11:112831969 | B79: =VLOOKUP(A79,INDEL位置信息!J:K,2,FALSE) -> 纠后正确 | C79: NewAnnoLC/NM_001242608_chr11_112831969.txt | D79: ok
A80: NM_001243247chr16:135800 | B80: =VLOOKUP(A80,INDEL位置信息!J:K,2,FALSE) -> 纠后正确 | C80: NewAnnoLC/NM_001243247_chr16_135800.txt | D80: ok
A81: NM_001243248chr16:135800 | B81: =VLOOKUP(A81,INDEL位置信息!J:K,2,FALSE) -> 纠后正确 | C81: NewAnnoLC/NM_001243248_chr16_135800.txt | D81: ok
A82: NM_001243249chr16:135800 | B82: =VLOOKUP(A82,INDEL位置信息!J:K,2,FALSE) -> 纠后正确 | C82: NewAnnoLC/NM_001243249_chr16_135800.txt | D82: ok
A83: NM_001256395chr1:156338980 | B83: =VLOOKUP(A83,INDEL位置信息!J:K,2,FALSE) -> 纠后正确 | C83: NewAnnoLC/NM_001256395_chr1_156338980.txt | D83: ok
A84: NM_001256396chr1:156338980 | B84: =VLOOKUP(A84,INDEL位置信息!J:K,2,FALSE) -> 纠后正确 | C84: NewAnnoLC/NM_001256396_chr1_156338980.txt | D84: ok
A85: NM_001256647chr19:50879680 | B85: =VLOOKUP(A85,INDEL位置信息!J:K,2,FALSE) -> 纠后正确，加1个氨基酸chr19:50881825-50885859 | C85: NewAnnoLC/NM_001256647_chr19_50879680.txt | D85: ok
... A89: NM_001936chr7:154002347 | B89: =VLOOKUP(A89,INDEL位置信息!J:K,2,FALSE) -> 纠后正确 | C89: NewAnnoLC/NM_001936_chr7_154002347.txt | D89: ok
A90: NM_002111chr4:3076408 | B90: =VLOOKUP(A90,INDEL位置信息!J:K,2,FALSE) -> 纠后正确，加2个氨基酸chr4:3076663-3241786 | C90: NewAnnoLC/NM_002111_chr4_3076408.txt | D90: 2
A91: NM_002255chr19:55315067 | B91: 纠后与rs号一致,Browers与NCBIrs(rs774287963)不一致,chr19:55325146-55325566 | C91: NewAnnoLC/NM_002255_chr19_55315067.txt | D91: 纠后与rs号匹配
A92: NM_002426chr11:102733464 | B92: =VLOOKUP(A92,INDEL位置信息!J:K,2,FALSE) -> 纠后正确 | C92: NewAnnoLC/NM_002426_chr11_102733464.txt | D92: ok
A93: NM_002457chr11:1074875 | B93: =VLOOKUP(A93,INDEL位置信息!J:K,2,FALSE) -> 多出1828个氨基酸，但无法验证哪个正确，NCBIrs无氨基酸注释信息chr11:1092802-1104263 | C93: NewAnnoLC/NM_002457_chr11_1074875.txt | D93: 1828
A94: NM_002570chr15:101844133 | B94: =VLOOKUP(A94,INDEL位置信息!J:K,2,FALSE) -> 纠后正确 | C94: NewAnnoLC/NM_002570_chr15_101844133.txt | D94: ok
A95: NM_002958chr3:133875978 | B95: =VLOOKUP(A95,INDEL位置信息!J:K,2,FALSE) -> 纠后正确 | C95: NewAnnoLC/NM_002958_chr3_133875978.txt | D95: ok
A96: NM_003386chr7:100331249 | B96: =VLOOKUP(A96,INDEL位置信息!J:K,2,FALSE) -> 纠后正确 | C96: NewAnnoLC/NM_003386_chr7_100331249.txt | D96: ok
A97: NM_003573chr19:41099072 | B97: =VLOOKUP(A97,INDEL位置信息!J:K,2,FALSE) -> 纠后正确 | C97: NewAnnoLC/NM_003573_chr19_41099072.txt | D97: ok
A98: NM_003715chr4:76649829 | B98: =VLOOKUP(A98,INDEL位置信息!J:K,2,FALSE) -> 纠后正确，区间略有变化，加41个氨基酸chr4:76657491-76735366 | C98: NewAnnoLC/NM_003715_chr4_76649829.txt | D98: 41
A99: NM_003724chr8:143738874 | B99: =VLOOKUP(A99,INDEL位置信息!J:K,2,FALSE) -> 纠后正确，版本不一致，utr略有变化 | C99: NewAnnoLC/NM_003724_chr8_143738874.txt | D99: ok
A100: NM_003954chr17:43340488 | B100: =VLOOKUP(A100,INDEL位置信息!J:K,2,FALSE) -> 纠后正确 | C100: NewAnnoLC/NM_003954_chr17_43340488.txt | D100: ok
A101: NM_003987chr10:102505468 | B101: =VLOOKUP(A101,INDEL位置信息!J:K,2,FALSE) -> 纠后正确，少1个氨基酸chr10:102587349-102587376 | C101: NewAnnoLC/NM_003987_chr10_102505468.txt | D101: -1
A102: NM_003989chr10:102505468 | B102: =VLOOKUP(A102,INDEL位置信息!J:K,2,FALSE) -> 纠后正确，少1个氨基酸chr10:102587349-102587376 | C102: NewAnnoLC/NM_003989_chr10_102505468.txt | D102: -1
A103: NM_003990chr10:102505468 | B103: =VLOOKUP(A103,INDEL位置信息!J:K,2,FALSE) -> 纠后正确，少1个氨基酸chr10:102587349-102587376 | C103: NewAnnoLC/NM_003990_chr10_102505468.txt | D103: -1
...

Sheet 区间变化核对
A1: NM_001080519.2 | B1: New | C1: 79373539 | D1: 79394661 | E1: 79405393 | F1: 79408856 | G1: 79410834 | H1: 79411406 | I1: 79411693 | J1: 79412040 | K1: 79412379 | L1: 79414061 | M1: 79418693 | N1: 79418996 | O1: 79419748 | P1: 79422292 | Q1: 79423322 | R1: 79424439 | S1: 79425190 | T1: 79425646 | U1: 79425838 | V1: 79426079 | W1: 79426278 | X1: 79426521 | Y1: 79427302 | Z1: 79427555 | AA1: 79427891 | AB1: 79429765 | AC1: 79430636
C2: 79373717 | D2: 79394672 | E2: 79405518 | F2: 79410590 | G2: 79410943 | H2: 79411594 | I2: 79411852 | J2: 79412204 | K2: 79412707 | L2: 79414874 | M2: 79418896 | N2: 79419133 | O2: 79419877 | P2: 79422416 | Q2: 79423615 | R2: 79424618 | S2: 79425492 | T2: 79425751 | U2: 79425995 | V2: 79426194 | W2: 79426354 | X2: 79426630 | Y2: 79427422 | Z2: 79427732 | AA2: 79429072 | AB2: 79430002 | AC2: 79433358
C3: rs782567217 | D3: 79373730 | E3: c.178+13C>T | F3: rs781826535 | G3: 79394685 | H3: c.281+13T>G | I3: rs781928879 | J3: 79405391 | K3: c.357-3T>C
A4: NM_001080519.2 | B4: Raw | C4: 79373539 | D4: 79394661 | E4: 79405394 | F4: 79408856 | G4: 79410834 | H4: 79411406 | I4: 79411693 | J4: 79412040 | K4: 79412379 | L4: 79414061 | M4: 79418693 | N4: 79418996 | O4: 79419748 | P4: 79422292 | Q4: 79423322 | R4: 79424439 | S4: 79425190 | T4: 79425646 | U4: 79425838 | V4: 79426079 | W4: 79426278 | X4: 79426521 | Y4: 79427302 | Z4: 79427555 | AA4: 79427891 | AB4: 79429765 | AC4: 79430636
C5: 79373716 | D5: 79394670 | E5: 79405518 | F5: 79410590 | G5: 79410943 | H5: 79411594 | I5: 79411852 | J5: 79412204 | K5: 79412707 | L5: 79414874 | M5: 79418896 | N5: 79419133 | O5: 79419877 | P5: 79422416 | Q5: 79423615 | R5: 79424618 | S5: 79425492 | T5: 79425751 | U5: 79425995 | V5: 79426194 | W5: 79426354 | X5: 79426630 | Y5: 79427422 | Z5: 79427732 | AA5: 79429072 | AB5: 79430002 | AC5: 79433358
C6: =IF(C4=C1,1,0) -> 1 | D6: =IF(D4=D1,1,0) -> 1 | E6: =IF(E4=E1,1,0) -> 0 | F6: =IF(F4=F1,1,0) -> 1 | G6: =IF(G4=G1,1,0) -> 1 | H6: =IF(H4=H1,1,0) -> 1 | I6: =IF(I4=I1,1,0) -> 1 | J6: =IF(J4=J1,1,0) -> 1 | ... AC6: =IF(AC4=AC1,1,0) -> 1
C7: =IF(C5=C2,1,0) -> 0 | D7: =IF(D5=D2,1,0) -> 0 | E7: =IF(E5=E2,1,0) -> 1 | F7: =IF(F5=F2,1,0) -> 1 | G7: =IF(G5=G2,1,0) -> 1 | H7: =IF(H5=H2,1,0) -> 1 | I7: =IF(I5=I2,1,0) -> 1 | J7: =IF(J5=J2,1,0) -> 1 | ... AC7: =IF(AC5=AC2,1,0) -> 1
A9: NM_003715.2 | B9: New | C9: 76649828 | D9: 76657489 | E9: 76676614 | F9: 76678648 | G9: 76691591 | H9: 76691974 | I9: 76692234 | J9: 76695828 | K9: 76703832 | L9: 76708214 | M9: 76711302 | N9: 76711795 | O9: 76714842 | P9: 76720774 | Q9: 76721503 | R9: 76721770 | S9: 76722231 | T9: 76725286 | U9: 76726292 | V9: 76727638 | W9: 76730105 | X9: 76731584 | Y9: 76733312 | Z9: 76734358
C10: 76650069 | D10: 76657500 | E10: 76676635 | F10: 76678726 | G10: 76691692 | H10: 76692077 | I10: 76692290 | J10: 76695949 | K10: 76704011 | L10: 76708355 | M10: 76711391 | N10: 76711950 | O10: 76715054 | P10: 76720885 | Q10: 76721622 | R10: 76721952 | S10: 76722353 | T10: 76725425 | U10: 76726456 | V10: 76727725 | W10: 76730204 | X10: 76731692 | Y10: 76733528 | Z10: 76735366
C11: rs565335012 | D11: 76657471 | E11: c.90-19G>A | F11: rs6813480 | G11: 76657504 | H11: c.100+4T>C | I11: rs760475866 | J11: 76676608 | K11: c.197-7T>G
A12: NM_003715.2 | B12: Raw | C12: 76649828 | D12: 76657490 | E12: 76676616 | F12: 76678648 | G12: 76691591 | H12: 76691974 | I12: 76692234 | J12: 76695828 | K12: 76703832 | L12: 76708214 | M12: 76711302 | N12: 76711795 | O12: 76714842 | P12: 76720774 | Q12: 76721503 | R12: 76721770 | S12: 76722231 | T12: 76725286 | U12: 76726292 | V12: 76727638 | W12: 76730105 | X12: 76731584 | Y12: 76733312 | Z12: 76734358
C13: 76650069 | D13: 76657499 | E13: 76676635 | F13: 76678726 | G13: 76691692 | H13: 76692077 | I13: 76692290 | J13: 76695949 | K13: 76704011 | L13: 76708355 | M13: 76711391 | N13: 76711950 | O13: 76715054 | P13: 76720885 | Q13: 76721622 | R13: 76721952 | S13: 76722353 | T13: 76725425 | U13: 76726456 | V13: 76727725 | W13: 76730204 | X13: 76731692 | Y13: 76733528 | Z13: 76735366
C14: =IF(C12=C9,1,0) -> 1 | D14: =IF(D12=D9,1,0) -> 0 | E14: =IF(E12=E9,1,0) -> 0 | F14: =IF(F12=F9,1,0) -> 1 | G14: =IF(G12=G9,1,0) -> 1 | H14: =IF(H12=H9,1,0) -> 1 | I14: =IF(I12=I9,1,0) -> 1 | J14: =IF(J12=J9,1,0) -> 1 | ... Z14: =IF(Z12=Z9,1,0) -> 1
C15: =IF(C13=C10,1,0) -> 1 | D15: =IF(D13=D10,1,0) -> 0 | E15: =IF(E13=E10,1,0) -> 1 | F15: =IF(F13=F10,1,0) -> 1 | G15: =IF(G13=G10,1,0) -> 1 | H15: =IF(H13=H10,1,0) -> 1 | I15: =IF(I13=I10,1,0) -> 1 | J15: =IF(J13=J10,1,0) -> 1 | ... Z15: =IF(Z13=Z10,1,0) -> 1
A17: NM_012133 | C17: 130146078 | D17: 130147114 | E17: 130147525 | F17: 130148402 | G17: 130152303 | H17: 130153697 | I17: 130255187 | J17: 130269204 | K17: 130273720 | L17: 130277153 | M17: 130287346 | N17: 130295823 | O17: 130297022 | P17: 130298414 | Q17: 130301860 | R17: 130337708 | S17: 130347806 | T17: 130351688 | U17: 130352321 | V17: 130353471
C18: 130146647 | D18: 130147213 | E18: 130147664 | F18: 130148522 | G18: 130152328 | H18: 130153718 | I18: 130255198 | J18: 130269215 | K18: 130273732 | L18: 130277168 | M18: 130287359 | N18: 130295981 | O18: 130297109 | P18: 130298507 | Q18: 130301936 | R18: 130337788 | S18: 130347878 | T18: 130351769 | U18: 130352374 | V18: 130353598
E19: rs782074020 | F19: 130148523 | G19: c.2150-23G>C | I19: 与rs号差异较大，氨基酸位置可能不正确
C20: 130146078 | D20: 130147114 | E20: 130147525 | F20: 130148402 | G20: 130152303 | H20: 130153697 | I20: 130255187 | J20: 130269204 | K20: 130273722 | L20: 130277153 | M20: 130287348 | N20: 130295825 | O20: 130297022 | P20: 130298414 | Q20: 130301860 | R20: 130337708 | S20: 130347806 | T20: 130351688 | U20: 130352321 | V20: 130353471
C21: 130146647 | D21: 130147213 | E21: 130147664 | F21: 130148520 | G21: 130152328 | H21: 130153718 | I21: 130255196 | J21: 130269213 | K21: 130273731 | L21: 130277166 | M21: 130287357 | N21: 130295981 | O21: 130297109 | P21: 130298507 | Q21: 130301936 | R21: 130337788 | S21: 130347878 | T21: 130351769 | U21: 130352374 | V21: 130353598
C22: =IF(C17=C20,1,0) -> 1 | D22: =IF(D17=D20,1,0) -> 1 | E22: =IF(E17=E20,1,0) -> 1 | F22: =IF(F17=F20,1,0) -> 1 | G22: =IF(G17=G20,1,0) -> 1 | H22: =IF(H17=H20,1,0) -> 1 | I22: =IF(I17=I20,1,0) -> 1 | J22: =IF(J17=J20,1,0) -> 1 | ... V22: =IF(V17=V20,1,0) -> 1
C23: =IF(C18=C21,1,0) -> 1 | D23: =IF(D18=D21,1,0) -> 1 | E23: =IF(E18=E21,1,0) -> 1 | F23: =IF(F18=F21,1,0) -> 0 | G23: =IF(G18=G21,1,0) -> 1 | H23: =IF(H18=H21,1,0) -> 1 | I23: =IF(I18=I21,1,0) -> 0 | J23: =IF(J18=J21,1,0) -> 0 | ... V23: =IF(V18=V21,1,0) -> 1
A25: NM_012309 | B25: New | C25: 70313960 | D25: 70331418 | E25: 70335432 | F25: 70336380 | G25: 70338439 | H25: 70346674 | I25: 70348027 | J25: 70348310 | K25: 70348900 | L25: 70505932 | M25: 70507700 | N25: 70544792 | O25: 70644547 | P25: 70653106 | Q25: 70666468 | R25: 70742605 | S25: 70766133 | T25: 70776123 | U25: 70785648 | V25: 70803467 | W25: 70805582 | X25: 70820986 | Y25: 70824338 | Z25: 70829874 | AA25: 70858165 | AB25: 70935742
C26: 70319544 | D26: 70333825 | E26: 70335453 | F26: 70336492 | G26: 70338570 | H26: 70346695 | I26: 70348036 | J26: 70348391 | K26: 70349036 | L26: 70506057 | M26: 70507783 | N26: 70544868 | O26: 70644661 | P26: 70653276 | Q26: 70666787 | R26: 70742678 | S26: 70766144 | T26: 70776150 | U26: 70785659 | V26: 70803635 | W26: 70805734 | X26: 70821095 | Y26: 70824410 | Z26: 70830078 | AA26: 70858384 | AB26: 70935808
S27: 70766127 | T27: c.1108-23455G>C | U27: 与rs号差异较大，氨基酸位置可能不正确
B28: Raw | C28: 70313960 | D28: 70331418 | E28: 70335432 | F28: 70336380 | G28: 70338439 | H28: 70346674 | I28: 70348027 | J28: 70348310 | K28: 70348900 | L28: 70505932 | M28: 70507700 | N28: 70544792 | O28: 70644547 | P28: 70653106 | Q28: 70666468 | R28: 70742605 | S28: 70766135 | T28: 70776125 | U28: 70785648 | V28: 70803467 | W28: 70805582 | X28: 70820986 | Y28: 70824338 | Z28: 70829874 | AA28: 70858165 | AB28: 70935742
C29: 70319544 | D29: 70333825 | E29: 70335453 | F29: 70336492 | G29: 70338570 | H29: 70346695 | I29: 70348036 | J29: 70348391 | K29: 70349036 | L29: 70506057 | M29: 70507783 | N29: 70544868 | O29: 70644661 | P29: 70653276 | Q29: 70666787 | R29: 70742678 | S29: 70766144 | T29: 70776150 | U29: 70785657 | V29: 70803635 | W29: 70805734 | X29: 70821095 | Y29: 70824410 | Z29: 70830078 | AA29: 70858384 | AB29: 70935808
C30: =IF(C25=C28,1,0) -> 1 | D30: =IF(D25=D28,1,0) -> 1 | E30: =IF(E25=E28,1,0) -> 1 | F30: =IF(F25=F28,1,0) -> 1 | G30: =IF(G25=G28,1,0) -> 1 | H30: =IF(H25=H28,1,0) -> 1 | I30: =IF(I25=I28,1,0) -> 1 | J30: =IF(J25=J28,1,0) -> 1 | ... AB30: =IF(AB25=AB28,1,0) -> 1
C31: =IF(C26=C29,1,0) -> 1 | D31: =IF(D26=D29,1,0) -> 1 | E31: =IF(E26=E29,1,0) -> 1 | F31: =IF(F26=F29,1,0) -> 1 | G31: =IF(G26=G29,1,0) -> 1 | H31: =IF(H26=H29,1,0) -> 1 | I31: =IF(I26=I29,1,0) -> 1 | J31: =IF(J26=J29,1,0) -> 1 | ... AB31: =IF(AB26=AB29,1,0) -> 1
A33: NM_017940.3 | B33: New | C33: 16890411 | D33: 16891301 | E33: 16892127 | F33: 16893674 | G33: 16894473 | H33: 16895567 | I33: 16899636 | J33: 16900981 | K33: 16901651 | L33: 16902761 | M33: 16903811 | N33: 16905687 | O33: 16907239 | P33: 16907914 | Q33: 16909038 | R33: 16910088 | S33: 16911983 | T33: 16913544 | U33: 16914219 | V33: 16915343 | W33: 16916393 | X33: 16918341 | Y33: 16918653 | Z33: 16919935 | AA33: 16921086 | AB33: 16921425 | AC33: 16935002 | AD33: 16939832
C34: 16890681 | D34: 16891413 | E34: 16892302 | F34: 16893846 | G34: 16894525 | H34: 16895731 | I34: 16899688 | J34: 16901187 | K34: 16901724 | L34: 16902976 | M34: 16903914 | N34: 16905897 | O34: 16907451 | P34: 16907987 | Q34: 16909253 | R34: 16910191 | S34: 16912193 | T34: 16913756 | U34: 16914292 | V34: 16915558 | W34: 16916496 | X34: 16918551 | Y34: 16918808 | Z34: 16920062 | AA34: 16921156 | AB34: 16921504 | AC34: 16935274 | AD34: 16939982
D35: 无法验证
A36: NM_017940.3 | B36: Raw | C36: 16888921 | D36: 16891301 | E36: 16892127 | F36: 16893673 | G36: 16894473 | H36: 16895567 | I36: 16899636 | J36: 16900981 | K36: 16901651 | L36: 16902761 | M36: 16903811 | N36: 16905687 | O36: 16907239 | P36: 16907914 | Q36: 16909038 | R36: 16910088 | S36: 16911983 | T36: 16913544 | U36: 16914219 | V36: 16915343 | W36: 16916393 | X36: 16918341 | Y36: 16918653 | Z36: 16919935 | AA36: 16921086 | AB36: 16921425 | AC36: 16935002 | AD36: 16939832
C37: 16890681 | D37: 16891413 | E37: 16892304 | F37: 16893846 | G37: 16894525 | H37: 16895731 | I37: 16899688 | J37: 16901187 | K37: 16901724 | L37: 16902976 | M37: 16903914 | N37: 16905897 | O37: 16907451 | P37: 16907987 | Q37: 16909253 | R37: 16910191 | S37: 16912193 | T37: 16913756 | U37: 16914292 | V37: 16915558 | W37: 16916496 | X37: 16918551 | Y37: 16918808 | Z37: 16920062 | AA37: 16921156 | AB37: 16921504 | AC37: 16935274 | AD37: 16940100
C38: =IF(C33=C36,1,0) -> 0 | D38: =IF(D33=D36,1,0) -> 1 | E38: =IF(E33=E36,1,0) -> 1 | F38: =IF(F33=F36,1,0) -> 0 | G38: =IF(G33=G36,1,0) -> 1 | H38: =IF(H33=H36,1,0) -> 1 | I38: =IF(I33=I36,1,0) -> 1 | J38: =IF(J33=J36,1,0) -> 1 | ... AD38: =IF(AD33=AD36,1,0) -> 1
C39: =IF(C34=C37,1,0) -> 1 | D39: =IF(D34=D37,1,0) -> 1 | E39: =IF(E34=E37,1,0) -> 0 | F39: =IF(F34=F37,1,0) -> 1 | G39: =IF(G34=G37,1,0) -> 1 | H39: =IF(H34=H37,1,0) -> 1 | I39: =IF(I34=I37,1,0) -> 1 | J39: =IF(J34=J37,1,0) -> 1 | ... AD39: =IF(AD34=AD37,1,0) -> 0
A41: NM_031308 | B41: New | C41: 144939491 | D41: 144940300 | E41: 144952605
C42: 144940300 | D42: 144947466 | E42: 144952632
D43: rs375286281 | E43: 144952607 | F43: c.-47A>G
B44: Raw | C44: 144939911 | D44: 144940566
C45: 144940566 | D45: 144947434
C46: 不影响CDS
C47: UTR区间相对正确
A49: NM_031421 | B49: New | C49: 40086887 | D49: 40091469 | E49: 40091851 | F49: 40092725 | G49: 40093014 | H49: 40094809 | I49: 40095217 | J49: 40101389 | K49: 40107234 | L49: 40113399 | M49: 40117010
C50: 40087090 | D50: 40091601 | E50: 40092002 | F50: 40092787 | G50: 40093180 | H50: 40095034 | I50: 40095425 | J50: 40101479 | K50: 40107335 | L50: 40113484 | M50: 40117669
I51: rs189239015 | J51: 40101477 | K51: c.1145+1G>C | L51: rs533581477 | M51: 40107233 | N51: c.1343-2A>C
B52: Raw | C52: 40086887 | D52: 40091469 | E52: 40091851 | F52: 40092725 | G52: 40093014 | H52: 40094809 | I52: 40095217 | J52: 40101389 | K52: 40107236 | L52: 40113399 | M52: 40117010
C53: 40087090 | D53: 40091601 | E53: 40092002 | F53: 40092787 | G53: 40093180 | H53: 40095034 | I53: 40095425 | J53: 40101477 | K53: 40107335 | L53: 40113484 | M53: 40117669
C54: =IF(C49=C52,1,0) -> 1 | D54: =IF(D49=D52,1,0) -> 1 | E54: =IF(E49=E52,1,0) -> 1 | F54: =IF(F49=F52,1,0) -> 1 | G54: =IF(G49=G52,1,0) -> 1 | H54: =IF(H49=H52,1,0) -> 1 | I54: =IF(I49=I52,1,0) -> 1 | J54: =IF(J49=J52,1,0) -> 1 | ... M54: =IF(M49=M52,1,0) -> 1
C55: =IF(C50=C53,1,0) -> 1 | D55: =IF(D50=D53,1,0) -> 1 | E55: =IF(E50=E53,1,0) -> 1 | F55: =IF(F50=F53,1,0) -> 1 | G55: =IF(G50=G53,1,0) -> 1 | H55: =IF(H50=H53,1,0) -> 1 | I55: =IF(I50=I53,1,0) -> 1 | J55: =IF(J50=J53,1,0) -> 0 | ... M55: =IF(M50=M53,1,0) -> 1
A57: NM_033486 | B57: New | C57: 1571099 | D57: 1571298 | E57: 1571694 | F57: 1572043 | G57: 1572258 | H57: 1572442 | I57: 1572769 | J57: 1573123 | K57: 1573861 | L57: 1575637 | M57: 1576408 | N57: 1577022 | O57: 1577266 | P57: 1577746 | Q57: 1580486 | R57: 1585960 | S57: 1586817 | T57: 1588824 | U57: 1590374
C58: 1571218 | D58: 1571488 | E58: 1571843 | F58: 1572160 | G58: 1572366 | H58: 1572564 | I58: 1572875 | J58: 1573245 | K58: 1573952 | L58: 1575813 | M58: 1576474 | N58: 1577181 | O58: 1577362 | P58: 1577869 | Q58: 1580623 | R58: 1585972 | S58: 1586938 | T58: 1588948 | U58: 1590473
P59: rs760739817 | Q59: 1580626 | R59: c.495-3C>A | S59: rs773980595 | T59: 1586817 | U59: c.227+6C>T
B60: Raw | C60: 1571099 | D60: 1571298 | E60: 1571694 | F60: 1572043 | G60: 1572258 | H60: 1572442 | I60: 1572769 | J60: 1573123 | K60: 1573861 | L60: 1575637 | M60: 1576408 | N60: 1577022 | O60: 1577266 | P60: 1577746 | Q60: 1580486 | R60: 1585961 | S60: 1586818 | T60: 1588824 | U60: 1590374
C61: 1571218 | D61: 1571488 | E61: 1571843 | F61: 1572160 | G61: 1572366 | H61: 1572564 | I61: 1572875 | J61: 1573245 | K61: 1573952 | L61: 1575813 | M61: 1576474 | N61: 1577181 | O61: 1577362 | P61: 1577869 | Q61: 1580622 | R61: 1585970 | S61: 1586938 | T61: 1588948 | U61: 1590473
C62: =IF(C57=C60,1,0) -> 1 | D62: =IF(D57=D60,1,0) -> 1 | E62: =IF(E57=E60,1,0) -> 1 | F62: =IF(F57=F60,1,0) -> 1 | G62: =IF(G57=G60,1,0) -> 1 | H62: =IF(H57=H60,1,0) -> 1 | I62: =IF(I57=I60,1,0) -> 1 | J62: =IF(J57=J60,1,0) -> 1 | ... U62: =IF(U57=U60,1,0) -> 1
C63: =IF(C58=C61,1,0) -> 1 | D63: =IF(D58=D61,1,0) -> 1 | E63: =IF(E58=E61,1,0) -> 1 | F63: =IF(F58=F61,1,0) -> 1 | G63: =IF(G58=G61,1,0) -> 1 | H63: =IF(H58=H61,1,0) -> 1 | I63: =IF(I58=I61,1,0) -> 1 | J63: =IF(J58=J61,1,0) -> 1 | ... U63: =IF(U58=U61,1,0) -> 1
A65: NM_033488 | B65: New | C65: 1571099 | D65: 1571298 | E65: 1571694 | F65: 1572043 | G65: 1572258 | H65: 1572442 | I65: 1572769 | J65: 1573123 | K65: 1573861 | L65: 1575637 | M65: 1576408 | N65: 1577022 | O65: 1577266 | P65: 1577746 | Q65: 1580486 | R65: 1586817 | S65: 1588705 | T65: 1588824 | U65: 1590374
C66: 1571218 | D66: 1571488 | E66: 1571843 | F66: 1572160 | G66: 1572366 | H66: 1572564 | I66: 1572875 | J66: 1573245 | K66: 1573952 | L66: 1575813 | M66: 1576474 | N66: 1577181 | O66: 1577362 | P66: 1577869 | Q66: 1580623 | R66: 1586938 | S66: 1588752 | T66: 1588948 | U66: 1590473
P67: rs760739817 | Q67: 1580626 | R67: 无此变体
B68: Raw | C68: 1571099 | D68: 1571298 | E68: 1571694 | F68: 1572043 | G68: 1572258 | H68: 1572442 | I68: 1572769 | J68: 1573123 | K68: 1573861 | L68: 1575637 | M68: 1576408 | N68: 1577022 | O68: 1577266 | P68: 1577746 | Q68: 1580486 | R68: 1586818 | S68: 1588705 | T68: 1588824 | U68: 1590374
C69: 1571218 | D69: 1571488 | E69: 1571843 | F69: 1572160 | G69: 1572366 | H69: 1572564 | I69: 1572875 | J69: 1573245 | K69: 1573952 | L69: 1575813 | M69: 1576474 | N69: 1577181 | O69: 1577362 | P69: 1577869 | Q69: 1580622 | R69: 1586938 | S69: 1588752 | T69: 1588948 | U69: 1590473
C70: =IF(C65=C68,1,0) -> 1 | D70: =IF(D65=D68,1,0) -> 1 | E70: =IF(E65=E68,1,0) -> 1 | F70: =IF(F65=F68,1,0) -> 1 | G70: =IF(G65=G68,1,0) -> 1 | H70: =IF(H65=H68,1,0) -> 1 | I70: =IF(I65=I68,1,0) -> 1 | J70: =IF(J65=J68,1,0) -> 1 | ... U70: =IF(U65=U68,1,0) -> 1
C71: =IF(C66=C69,1,0) -> 1 | D71: =IF(D66=D69,1,0) -> 1 | E71: =IF(E66=E69,1,0) -> 1 | F71: =IF(F66=F69,1,0) -> 1 | G71: =IF(G66=G69,1,0) -> 1 | H71: =IF(H66=H69,1,0) -> 1 | I71: =IF(I66=I69,1,0) -> 1 | J71: =IF(J66=J69,1,0) -> 1 | ... U71: =IF(U66=U69,1,0) -> 1
A73: NM_033489 | B73: New | C73: 1571099 | D73: 1571298 | E73: 1571694 | F73: 1572043 | G73: 1572258 | H73: 1572442 | I73: 1572769 | J73: 1573123 | K73: 1573861 | L73: 1575637 | M73: 1576408 | N73: 1577022 | O73: 1577266 | P73: 1577746 | Q73: 1580486 | R73: 1585960 | S73: 1586817 | T73: 1588705 | U73: 1588824 | V73: 1590374
C74: 1571218 | D74: 1571488 | E74: 1571843 | F74: 1572160 | G74: 1572366 | H74: 1572564 | I74: 1572875 | J74: 1573245 | K74: 1573952 | L74: 1575813 | M74: 1576474 | N74: 1577181 | O74: 1577362 | P74: 1577869 | Q74: 1580623 | R74: 1585972 | S74: 1586938 | T74: 1588752 | U74: 1588948 | V74: 1590473
P75: rs760739817 | Q75: 1580626 | R75: c.393-3C>A
B76: Raw | C76: 1571099 | D76: 1571298 | E76: 1571694 | F76: 1572043 | G76: 1572258 | H76: 1572442 | I76: 1572769 | J76: 1573123 | K76: 1573861 | L76: 1575637 | M76: 1576408 | N76: 1577022 | O76: 1577266 | P76: 1577746 | Q76: 1580486 | R76: 1585961 | S76: 1586818 | T76: 1588705 | U76: 1588824 | V76: 1590374
C77: 1571218 | D77: 1571488 | E77: 1571843 | F77: 1572160 | G77: 1572366 | H77: 1572564 | I77: 1572875 | J77: 1573245 | K77: 1573952 | L77: 1575813 | M77: 1576474 | N77: 1577181 | O77: 1577362 | P77: 1577869 | Q77: 1580622 | R77: 1585970 | S77: 1586938 | T77: 1588752 | U77: 1588948 | V77: 1590473
C78: =IF(C73=C76,1,0) -> 1 | D78: =IF(D73=D76,1,0) -> 1 | E78: =IF(E73=E76,1,0) -> 1 | F78: =IF(F73=F76,1,0) -> 1 | G78: =IF(G73=G76,1,0) -> 1 | H78: =IF(H73=H76,1,0) -> 1 | I78: =IF(I73=I76,1,0) -> 1 | J78: =IF(J73=J76,1,0) -> 1 | ... V78: =IF(V73=V76,1,0) -> 1
C79: =IF(C74=C77,1,0) -> 1 | D79: =IF(D74=D77,1,0) -> 1 | E79: =IF(E74=E77,1,0) -> 1 | F79: =IF(F74=F77,1,0) -> 1 | G79: =IF(G74=G77,1,0) -> 1 | H79: =IF(H74=H77,1,0) -> 1 | I79: =IF(I74=I77,1,0) -> 1 | J79: =IF(J74=J77,1,0) -> 1 | ... V79: =IF(V74=V77,1,0) -> 1
A81: NM_033492 | B81: New | C81: 1571099 | D81: 1571298 | E81: 1571694 | F81: 1572043 | G81: 1572258 | H81: 1572442 | I81: 1572769 | J81: 1573123 | K81: 1573861 | L81: 1575637 | M81: 1576408 | N81: 1577022 | O81: 1577266 | P81: 1577746 | Q81: 1580486 | R81: 1586817 | S81: 1588824 | T81: 1590374
C82: 1571218 | D82: 1571488 | E82: 1571843 | F82: 1572160 | G82: 1572366 | H82: 1572564 | I82: 1572875 | J82: 1573245 | K82: 1573952 | L82: 1575813 | M82: 1576474 | N82: 1577181 | O82: 1577362 | P82: 1577869 | Q82: 1580650 | R82: 1586938 | S82: 1588948 | T82: 1590473
C83: 无此变休
B84: Raw | C84: 1571099 | D84: 1571298 | E84: 1571694 | F84: 1572043 | G84: 1572258 | H84: 1572442 | I84: 1572769 | J84: 1573123 | K84: 1573861 | L84: 1575637 | M84: 1576408 | N84: 1577022 | O84: 1577266 | P84: 1577746 | Q84: 1580486 | R84: 1586818 | S84: 1588824 | T84: 1590374
C85: 1571218 | D85: 1571488 | E85: 1571843 | F85: 1572160 | G85: 1572366 | H85: 1572564 | I85: 1572875 | J85: 1573245 | K85: 1573952 | L85: 1575813 | M85: 1576474 | N85: 1577181 | O85: 1577362 | P85: 1577869 | Q85: 1580649 | R85: 1586938 | S85: 1588948 | T85: 1590473
C86: =IF(C81=C84,1,0) -> 1 | D86: =IF(D81=D84,1,0) -> 1 | E86: =IF(E81=E84,1,0) -> 1 | F86: =IF(F81=F84,1,0) -> 1 | G86: =IF(G81=G84,1,0) -> 1 | H86: =IF(H81=H84,1,0) -> 1 | I86: =IF(I81=I84,1,0) -> 1 | J86: =IF(J81=J84,1,0) -> 1 | ... T86: =IF(T81=T84,1,0) -> 1
C87: =IF(C82=C85,1,0) -> 1 | D87: =IF(D82=D85,1,0) -> 1 | E87: =IF(E82=E85,1,0) -> 1 | F87: =IF(F82=F85,1,0) -> 1 | G87: =IF(G82=G85,1,0) -> 1 | H87: =IF(H82=H85,1,0) -> 1 | I87: =IF(I82=I85,1,0) -> 1 | J87: =IF(J82=J85,1,0) -> 1 | ... T87: =IF(T82=T85,1,0) -> 1
A89: NM_033493 | B89: New | C89: 1571099 | D89: 1571298 | E89: 1571694 | F89: 1572043 | G89: 1572258 | H89: 1572442 | I89: 1572769 | J89: 1573123 | K89: 1573861 | L89: 1575637 | M89: 1576408 | N89: 1577022 | O89: 1577266 | P89: 1577746 | Q89: 1580486 | R89: 1586817 | S89: 1588824 | T89: 1590374
C90: 1571218 | D90: 1571488 | E90: 1571843 | F90: 1572160 | G90: 1572366 | H90: 1572564 | I90: 1572875 | J90: 1573245 | K90: 1573952 | L90: 1575813 | M90: 1576474 | N90: 1577181 | O90: 1577362 | P90: 1577869 | Q90: 1580623 | R90: 1586938 | S90: 1588948 | T90: 1590473
C91: 无此变休
B92: Raw | C92: 1571099 | D92: 1571298 | E92: 1571694 | F92: 1572043 | G92: 1572258 | H92: 1572442 | I92: 1572769 | J92: 1573123 | K92: 1573861 | L92: 1575637 | M92: 1576408 | N92: 1577022 | O92: 1577266 | P92: 1577746 | Q92: 1580486 | R92: 1586818 | S92: 1588824 | T92: 1590374
C93: 1571218 | D93: 1571488 | E93: 1571843 | F93: 1572160 | G93: 1572366 | H93: 1572564 | I93: 1572875 | J93: 1573245 | K93: 1573952 | L93: 1575813 | M93: 1576474 | N93: 1577181 | O93: 1577362 | P93: 1577869 | Q93: 1580622 | R93: 1586938 | S93: 1588948 | T93: 1590473
C94: =IF(C89=C92,1,0) -> 1 | D94: =IF(D89=D92,1,0) -> 1 | E94: =IF(E89=E92,1,0) -> 1 | F94: =IF(F89=F92,1,0) -> 1 | G94: =IF(G89=G92,1,0) -> 1 | H94: =IF(H89=H92,1,0) -> 1 | I94: =IF(I89=I92,1,0) -> 1 | J94: =IF(J89=J92,1,0) -> 1 | ... T94: =IF(T89=T92,1,0) -> 1
C95: =IF(C90=C93,1,0) -> 1 | D95: =IF(D90=D93,1,0) -> 1 | E95: =IF(E90=E93,1,0) -> 1 | F95: =IF(F90=F93,1,0) -> 1 | G95: =IF(G90=G93,1,0) -> 1 | H95: =IF(H90=H93,1,0) -> 1 | I95: =IF(I90=I93,1,0) -> 1 | J95: =IF(J90=J93,1,0) -> 1 | ... T95: =IF(T90=T93,1,0) -> 1
A97: NM_033517.1 | B97: New | C97: 51113069 | D97: 51113475 | E97: 51115049 | F97: 51117012 | G97: 51117196 | H97: 51117446 | I97: 51117739 | J97: 51121767 | K97: 51123012 | L97: 51133202 | M97: 51135984 | N97: 51137117 | O97: 51142287 | P97: 51142593 | Q97: 51143165 | R97: 51143391 | S97: 51144499 | T97: 51150042 | U97: 51153344 | V97: 51154096 | W97: 51158611 | X97: 51169148
C98: 51113132 | D98: 51113679 | E98: 51115121 | F98: 51117121 | G98: 51117348 | H98: 51117614 | I98: 51117856 | J98: 51121845 | K98: 51123079 | L98: 51133476 | M98: 51136143 | N98: 51137231 | O98: 51142363 | P98: 51142676 | Q98: 51143290 | R98: 51143524 | S98: 51144580 | T98: 51150066 | U98: 51153475 | V98: 51154181 | W98: 51160865 | X98: 51171640
K99: rs112839493 | L99: 51133477 | M99: c.1304+1G>C
A100: NM_033517.1 | B100: Raw | C100: 51113069 | D100: 51113475 | E100: 51115049 | F100: 51117012 | G100: 51117196 | H100: 51117446 | I100: 51117739 | J100: 51121767 | K100: 51123012 | L100: 51133202 | M100: 51135984 | N100: 51137117 | O100: 51142287 | P100: 51142593 | Q100: 51143165 | R100: 51143391 | S100: 51144499 | T100: 51150042 | U100: 51153344 | V100: 51154096 | W100: 51158611 | X100: 51169148
C101: 51113132 | D101: 51113679 | E101: 51115121 | F101: 51117121 | G101: 51117348 | H101: 51117614 | I101: 51117856 | J101: 51121845 | K101: 51123079 | L101: 51133474 | M101: 51136143 | N101: 51137231 | O101: 51142363 | P101: 51142676 | Q101: 51143290 | R101: 51143524 | S101: 51144580 | T101: 51150066 | U101: 51153475 | V101: 51154181 | W101: 51160865 | X101: 51171640
C102: =IF(C97=C100,1,0) -> 1 | D102: =IF(D97=D100,1,0) -> 1 | E102: =IF(E97=E100,1,0) -> 1 | F102: =IF(F97=F100,1,0) -> 1 | G102: =IF(G97=G100,1,0) -> 1 | H102: =IF(H97=H100,1,0) -> 1 | I102: =IF(I97=I100,1,0) -> 1 | J102: =IF(J97=J100,1,0) -> 1 | ... X102: =IF(X97=X100,1,0) -> 1
C103: =IF(C98=C101,1,0) -> 1 | D103: =IF(D98=D101,1,0) -> 1 | E103: =IF(E98=E101,1,0) -> 1 | F103: =IF(F98=F101,1,0) -> 1 | G103: =IF(G98=G101,1,0) -> 1 | H103: =IF(H98=H101,1,0) -> 1 | I103: =IF(I98=I101,1,0) -> 1 | J103: =IF(J98=J101,1,0) -> 1 | ... X103: =IF(X98=X101,1,0) -> 1
A105: XM_003403461 | B105: New | C105: 21845888 | D105: 21846953 | E105: 21848142 | F105: 21850425 | G105: 21850570 | H105: 21854706 | I105: 21855014 | J105: 21858733 | K105: 21868579 | L105: 21868900
C106: 21846840 | D106: 21848004 | E106: 21849065 | F106: 21850461 | G106: 21850631 | H106: 21854902 | I106: 21855114 | J106: 21858862 | K106: 21868737 | L106: 21869843
L107: rs746963864 | M107: 21876378 | N107: 无基因信息
A108: 21846038 | B108: Raw | C108: 21845883 | D108: 21846953 | E108: 21848142 | F108: 21850425 | G108: 21850570 | H108: 21854706 | I108: 21855014 | J108: 21858733 | K108: 21868579 | L108: 21868890 | M108: 21876265
A109: 21868699 | C109: 21846840 | D109: 21848004 | E109: 21849065 | F109: 21850461 | G109: 21850631 | H109: 21854902 | I109: 21855114 | J109: 21858862 | K109: 21868737 | L109: 21868979 | M109: 21877050
C110: =IF(C105=C108,1,0) -> 0 | D110: =IF(D105=D108,1,0) -> 1 | E110: =IF(E105=E108,1,0) -> 1 | F110: =IF(F105=F108,1,0) -> 1 | G110: =IF(G105=G108,1,0) -> 1 | H110: =IF(H105=H108,1,0) -> 1 | I110: =IF(I105=I108,1,0) -> 1 | J110: =IF(J105=J108,1,0) -> 1 | ... M110: =IF(M105=M108,1,0) -> 0
C111: =IF(C106=C109,1,0) -> 1 | D111: =IF(D106=D109,1,0) -> 1 | E111: =IF(E106=E109,1,0) -> 1 | F111: =IF(F106=F109,1,0) -> 1 | G111: =IF(G106=G109,1,0) -> 1 | H111: =IF(H106=H109,1,0) -> 1 | I111: =IF(I106=I109,1,0) -> 1 | J111: =IF(J106=J109,1,0) -> 1 | ... M111: =IF(M106=M109,1,0) -> 0
A113: NM_001039127 | B113: New | C113: 124357 | D113: 133619 | E113: 137002 | G113: 154701
C114: 124555 | D114: 133634 | E114: 137023 | G114: 157949
...

Sheet 染色体对应
A1: NC_000001.10 | B1: chr1
A2: NC_000002.11 | B2: chr2
A3: NC_000003.11 | B3: chr3
A4: NC_000004.11 | B4: chr4
A5: NC_000005.9 | B5: chr5
A6: NC_000006.11 | B6: chr6
A7: NC_000007.13 | B7: chr7
A8: NC_000008.10 | B8: chr8
A9: NC_000009.11 | B9: chr9
A10: NC_000010.10 | B10: chr10
A11: NC_000011.9 | B11: chr11
A12: NC_000012.11 | B12: chr12
... A24: NC_000024.9 | B24: chrY

Sheet Sheet3
A1: NM_000104 | B1: chr2 | C1: 38294745 | D1: NM_000104chr2:38294746 | E1: 无变化
A2: NM_000158 | B2: chr3 | C2: 81538849 | D2: NM_000158chr3:81538850 | E2: 无变化
A3: NM_000278 | B3: chr10 | C3: 102505467 | D3: NM_000278chr10:102505468 | E3: 整体少1个氨基酸chr10:102587349-102587376
A4: NM_000348 | B4: chr2 | C4: 31749655 | D4: NM_000348chr2:31749656 | E4: 纠后正确
A5: NM_000442 | B5: chr17 | C5: 62396774 | D5: NM_000442chr17:62396775 | E5: 纠后不正确，在62404846DEL1
A6: NM_000544 | B6: chr6 | C6: 32793186 | D6: NM_000544chr6:32793187 | E6: 无变化
A7: NM_000597 | B7: chr2 | C7: 217498126 | D7: NM_000597chr2:217498127 | E7: 氨基酸整体少3个chr2:217498311-217528827
A8: NM_000615 | B8: chr11 | C8: 112831968 | D8: NM_000615chr11:112831969 | E8: 纠后正确
A9: NM_000682 | B9: chr2 | C9: 96778622 | D9: NM_000682chr2:96778623 | E9: 无变化
A10: NM_000694 | B10: chr11 | C10: 67777789 | D10: NM_000694chr11:67777790 | E10: 纠后正确
A11: NM_000804 | B11: chr11 | C11: 71846770 | D11: NM_000804chr11:71846771 | E11: 纠后正确
A12: NM_000828 | B12: chrX | C12: 122318095 | D12: NM_000828chrX:122318096 | E12: 无变化
... A199: NM_033401 | B199: chr16 | C199: 76311175 | D199: NM_033401chr16:76311176 | E199: 纠后正确
A200: NM_052886 | B200: chr8 | C200: 120220609 | D200: NM_052886chr8:120220610 | E200: 纠后正确 | G200: INPP5D | I200: NBPF9
A201: NM_052892 | B201: chr16 | C201: 81134483 | D201: NM_052892chr16:81134484 | E201: 纠后正确 | G201: SRGAP2 | I201: MILR1
A202: NM_080669 | B202: chr17 | C202: 26721660 | D202: NM_080669chr17:26721661 | E202: 纠后正确 | G202: ECSCR | I202: LYPD8
A203: NM_130445 | B203: chr21 | C203: 46825096 | D203: NM_130445chr21:46825097 | E203: 整体少3个氨基酸chr21:46924440-46932312 | G203: SH3RF3 | I203: PLCL2
A204: NM_130464 | B204: chr16 | C204: 21413454 | D204: NM_130464chr16:21413455 | E204: 纠后正确 | G204: IKZF1 | I204: TMEM114
A205: NM_130797 | B205: chr7 | C205: 153749776 | D205: NM_130797chr7:153749777 | E205: 纠后正确？ | G205: C1R | I205: SRGAP2
A206: NM_130797 | B206: chr7 | C206: 154429530 | D206: NM_130797chr7:154429531 | E206: 原来正确 | G206: KIF5C | I206: SYN2
A207: NM_133373 | B207: chr17 | C207: 43189007 | D207: NM_133373chr17:43189008 | E207: 纠后正确 | G207: MLXIP | I207: FGF16
A208: NM_138319 | B208: chr15 | C208: 101844132 | D208: NM_138319chr15:101844133 | E208: 无变化 | I208: GTPBP6
A209: NM_138320 | B209: chr15 | C209: 101853221 | D209: NM_138320chr15:101853222 | E209: 无变化 | I209: PPP2R2D
A210: NM_138321 | B210: chr15 | C210: 101853221 | D210: NM_138321chr15:101853222 | E210: 无变化 | I210: MOB2
A211: NM_138322 | B211: chr15 | C211: 101923952 | D211: NM_138322chr15:101923953 | E211: 无变化 | I211: FAM101B
A212: NM_138323 | B212: chr15 | C212: 101886946 | D212: NM_138323chr15:101886947 | E212: 无变化 | I212: FOXO6
A213: NM_138324 | B213: chr15 | C213: 101886946 | D213: NM_138324chr15:101886947 | E213: 无变化 | I213: OFCC1
A214: NM_138325 | B214: chr15 | C214: 101905078 | D214: NM_138325chr15:101905079 | E214: 无变化
A215: NM_138352 | B215: chr19 | C215: 14199228 | D215: NM_138352chr19:14199229 | E215: 原来正确
A216: NM_145055 | B216: chr18 | C216: 43753987 | D216: NM_145055chr18:43753988 | E216: 氨基酸整体少1个chr18：43833705-43843081
A217: NM_145171 | B217: chr14 | C217: 63779548 | D217: NM_145171chr14:63779549 | E217: 纠后正确
A218: NM_145660 | B218: chr22 | C218: 36585175 | D218: NM_145660chr22:36585176 | E218: 无变化
A219: NM_145728 | B219: chr15 | C219: 99645285 | D219: NM_145728chr15:99645286 | E219: 纠后正确
A220: NM_152338 | B220: chr16 | C220: 29789560 | D220: NM_152338chr16:29789561 | E220: 无变化
A221: NM_152914 | B221: chr17 | C221: 21142182 | D221: NM_152914chr17:21142183 | E221: 纠后正确
A222: NM_152988 | B222: chr19 | C222: 2328628 | D222: NM_152988chr19:2328629 | E222: 纠后正确
A223: NM_173059 | B223: chr7 | C223: 100331248 | D223: NM_173059chr7:100331249 | E223: 纠后正确
A224: NM_173681 | B224: chr7 | C224: 150709296 | D224: NM_173681chr7:150709297 | E224: 纠后正确
A225: NM_175862 | B225: chr3 | C225: 121774208 | D225: NM_175862chr3:121774209 | E225: 无变化
... A241: NM_207421 | B241: chr1 | C241: 17698740 | D241: NM_207421chr1:17698741 | E241: 纠后正确

Sheet Sheet2
A1: 总mRNA | B1: 存在错误mRNA | C1: cds为3的倍数（AA=1） | D1: cds为3的倍数（AA=2） | E1: cds为3的倍数（AA=3） | F1: cds为3的倍数（AA=4） | G1: cds为3的倍数（AA=5） | H1: cds为3的倍数（AA=6） | I1: cds为3的倍数（AA=7） | J1: cds为3的倍数（AA=8） | K1: cds为3的倍数（AA=9） | L1: cds为3的倍数（AA=10） | M1: cds为3的倍数（AA>10） | N1: cds不为3的倍数（AA<=10） | O1: cds不为3的倍数（AA>10）
A2: 34040 | B2: 1337（774） | C2: 915（517） | D2: 79（48） | E2: 8（3） | F2: 2（2） | G2: 2（2,同基因名XY） | H2: 5（2，DPP6有两个位置3个mRNA） | I2: 0 | J2: 0 | K2: 2（1） | L2: 6（2,INPP5D有两个位置2个mRNA） | M2: 72（54） | N2: 11（7, 含1个编码正确） | O2: 235（154）
A3: 第一次修正数目 | G3: 2(1) | H3: 2(1,DPP6) | K3: 2(1) | L3: 4(1) | M3: 43(31) | N3: 2(1) | O3: 161(109)
A4: 第二次修正数目 | M4: 14(10) | O4: 10(9)
A5: 第三次修正数目
A6: 基因分为多段(暂不解决) | H6: 1(1,DPP6) | L6: 2(1) | M6: 5(3) | N6: 1(1,编码正确) | O6: 28（8）
A7: 基因不完整(CDS起始终止变化) | M7: 7(6) | N7: 3(2) | O7: 16(14)
A8: 变体或基因被取消、假基因 | M8: 1（1） | N8: 3（1） | O8: 14（14）
A9: 未解决 | M9: 2（1） | N9: 2（1） | O9: 6（3）
B12: 总mRNA | C12: 存在差异mRNA | D12: 氨基酸差异<=10 | E12: 氨基酸差异>=10
B13: 34042（19477） | C13: 1337（774） | D13: 1030(574) | E13: 307(207)
A14: 多段基因 | D14: 6（3） | E14: 37(12)
A15: 基因不完整 | D15: 3（2） | E15: 23（21）
A16: 变体或基因被取消 | D16: 3（1） | E16: 14（14）
A17: 修正数目 | D17: 12（5） | E17: 228（157）
D26: DNAH11
D27: NEK3
D28: LOC100996372
D29: LOC100996392
D30: LOC100996428
D31: LOC730058
D32: LOC100996432
D33: LOC100996350
D34: LOC100996575
D35: LOC100996885
D36: LOC101060037
D37: SRGAP3-AS3
... D39: GOLGA6L10
H166: ZNF595 | K166: ARHGEF25 | L166: TTC25
H167: SSPO | K167: ENTPD6 | L167: TSPAN10
H168: KRTAP10-7 | K168: KLRD1 | L168: SRSF8
H169: XKR5 | K169: AP1B1 | L169: KRBA1
H170: PADI6 | K170: CEP55 | L170: PPP1R9B
H171: AGAP10 | K171: PAN2 | L171: ORAI1
H172: ZNF852 | K172: RWDD3 | L172: HSH2D
H173: 61E3.4 | K173: UGT8 | L173: MUC13
H174: MUC19 | K174: WDSUB1 | L174: ZCCHC3
H175: LOC400682 | K175: SLC39A13 | L175: CNTNAP4
K176: SPON2 | L176: CDK11B
K177: GBA3 | L177: SHANK3
K178: TC2N | L178: MAL2
K179: NUDT22 | L179: PKD1L2
K180: LUZP6 | L180: MOB2
K181: TMPRSS11BNL | L181: NPIPL3
K182: GSPT1 | L182: PLCD3
K183: EEF1D | L183: EMID2
K184: ABI3 | L184: SAMD1
K185: RUSC2 | L185: B3GNT6
K186: CASP8AP2 | L186: GPHB5
K187: C4orf48 | L187: C20orf132
... K224: CXorf40A | L224: GOLGA6L10
K225: CDHR5
K226: HCK
K227: MCPH1
K228: ZNF668
K229: RAI2
K230: TXNRD3
K231: POU5F1
K232: TMEM185A
K233: SLC34A3
K234: SLC34A2
K235: ASGR2
K236: HADH
... K591: LOC101059911
